#
# There is insufficient memory for the Java Runtime Environment to continue.
# Native memory allocation (mmap) failed to map 65536 bytes. Error detail: Failed to commit metaspace.
# Possible reasons:
#   The system is out of physical RAM or swap space
#   This process is running with CompressedOops enabled, and the Java Heap may be blocking the growth of the native heap
# Possible solutions:
#   Reduce memory load on the system
#   Increase physical memory or swap space
#   Check if swap backing store is full
#   Decrease Java heap size (-Xmx/-Xms)
#   Decrease number of Java threads
#   Decrease Java thread stack sizes (-Xss)
#   Set larger code cache with -XX:ReservedCodeCacheSize=
#   JVM is running with Unscaled Compressed Oops mode in which the Java heap is
#     placed in the first 4GB address space. The Java Heap base address is the
#     maximum limit for the native heap growth. Please use -XX:HeapBaseMinAddress
#     to set the Java Heap base and to place the Java Heap above 4GB virtual address.
# This output file may be truncated or incomplete.
#
#  Out of Memory Error (virtualSpaceNode.cpp:113), pid=23604, tid=16484
#
# JRE version: Java(TM) SE Runtime Environment (24.0.1+9) (build 24.0.1+9-30)
# Java VM: Java HotSpot(TM) 64-Bit Server VM (24.0.1+9-30, mixed mode, emulated-client, sharing, tiered, compressed oops, compressed class ptrs, g1 gc, windows-amd64)
# No core dump will be written. Minidumps are not enabled by default on client versions of Windows
#

---------------  S U M M A R Y ------------

Command Line: -XX:TieredStopAtLevel=1 Main.ThcsdlApplication

Host: 12th Gen Intel(R) Core(TM) i5-12450H, 12 cores, 7G,  Windows 11 , 64 bit Build 26100 (10.0.26100.8246)
Time: Mon Jun  1 16:55:48 2026 SE Asia Standard Time elapsed time: 7.715568 seconds (0d 0h 0m 7s)

---------------  T H R E A D  ---------------

Current thread (0x000001dc4808d140):  JavaThread "main"             [_thread_in_vm, id=16484, stack(0x0000002c78c00000,0x0000002c78d00000) (1024K)]

Stack: [0x0000002c78c00000,0x0000002c78d00000]
Native frames: (J=compiled Java code, j=interpreted, Vv=VM code, C=native code)
V  [jvm.dll+0x730739]  (no source info available)
V  [jvm.dll+0x8d9b23]  (no source info available)
V  [jvm.dll+0x8dc00d]  (no source info available)
V  [jvm.dll+0x8dc683]  (no source info available)
V  [jvm.dll+0x2aa086]  (no source info available)
V  [jvm.dll+0x8d56de]  (no source info available)
V  [jvm.dll+0x6ccd85]  (no source info available)
V  [jvm.dll+0x6ccdea]  (no source info available)
V  [jvm.dll+0x6cf800]  (no source info available)
V  [jvm.dll+0x6cf567]  (no source info available)
V  [jvm.dll+0x24c75c]  (no source info available)
V  [jvm.dll+0x6cd7a8]  (no source info available)
V  [jvm.dll+0x28f91f]  (no source info available)
V  [jvm.dll+0x6d8a14]  (no source info available)
V  [jvm.dll+0x23ac7b]  (no source info available)
V  [jvm.dll+0x23b0ca]  (no source info available)
V  [jvm.dll+0x23bab4]  (no source info available)
V  [jvm.dll+0x2315a4]  (no source info available)
V  [jvm.dll+0x6000a3]  (no source info available)
V  [jvm.dll+0x24391d]  (no source info available)
V  [jvm.dll+0x84a6be]  (no source info available)
V  [jvm.dll+0x84b878]  (no source info available)
V  [jvm.dll+0x84bdc3]  (no source info available)
V  [jvm.dll+0x84bb06]  (no source info available)
V  [jvm.dll+0x293b78]  (no source info available)
V  [jvm.dll+0x293da6]  (no source info available)
V  [jvm.dll+0x628257]  (no source info available)
V  [jvm.dll+0x62b5f6]  (no source info available)
V  [jvm.dll+0x4168d2]  (no source info available)
V  [jvm.dll+0x415f96]  (no source info available)
C  0x000001dc52c27d7c  (no source info available)

The last pc belongs to invokestatic (printed below).
Java frames: (J=compiled Java code, j=interpreted, Vv=VM code)
j  jdk.net.ExtendedSocketOptions.<clinit>()V+98 jdk.net@24.0.1
v  ~StubRoutines::call_stub 0x000001dc52c10fcd
J 877  java.lang.Class.forName0(Ljava/lang/String;ZLjava/lang/ClassLoader;Ljava/lang/Class;)Ljava/lang/Class; java.base@24.0.1 (0 bytes) @ 0x000001dc52fcbe8f [0x000001dc52fcbe00+0x000000000000008f]
j  java.lang.Class.forName(Ljava/lang/String;Ljava/lang/Class;)Ljava/lang/Class;+19 java.base@24.0.1
j  java.lang.Class.forName(Ljava/lang/String;)Ljava/lang/Class;+6 java.base@24.0.1
j  sun.net.ext.ExtendedSocketOptions.getInstance()Lsun/net/ext/ExtendedSocketOptions;+12 java.base@24.0.1
j  sun.nio.ch.Net.<clinit>()V+210 java.base@24.0.1
v  ~StubRoutines::call_stub 0x000001dc52c10fcd
j  sun.nio.ch.NioSocketImpl.create(Z)V+59 java.base@24.0.1
j  java.net.DelegatingSocketImpl.create(Z)V+5 java.base@24.0.1
j  java.net.Socket.getImpl()Ljava/net/SocketImpl;+64 java.base@24.0.1
j  java.net.Socket.setTcpNoDelay(Z)V+18 java.base@24.0.1
j  com.mysql.cj.protocol.StandardSocketFactory.configureSocket(Ljava/net/Socket;Lcom/mysql/cj/conf/PropertySet;)V+21
j  com.mysql.cj.protocol.StandardSocketFactory.connect(Ljava/lang/String;ILcom/mysql/cj/conf/PropertySet;I)Ljava/io/Closeable;+154
j  com.mysql.cj.protocol.a.NativeSocketConnection.connect(Ljava/lang/String;ILcom/mysql/cj/conf/PropertySet;Lcom/mysql/cj/exceptions/ExceptionInterceptor;Lcom/mysql/cj/log/Log;I)V+59
j  com.mysql.cj.NativeSession.connect(Lcom/mysql/cj/conf/HostInfo;Ljava/lang/String;Ljava/lang/String;Ljava/lang/String;ILcom/mysql/cj/TransactionEventHandler;)V+49
j  com.mysql.cj.jdbc.ConnectionImpl.connectOneTryOnly(Z)V+32
j  com.mysql.cj.jdbc.ConnectionImpl.createNewIO(Z)V+27
j  com.mysql.cj.jdbc.ConnectionImpl.<init>(Lcom/mysql/cj/conf/HostInfo;)V+753
j  com.mysql.cj.jdbc.ConnectionImpl.getInstance(Lcom/mysql/cj/conf/HostInfo;)Lcom/mysql/cj/jdbc/JdbcConnection;+5
j  com.mysql.cj.jdbc.NonRegisteringDriver.connect(Ljava/lang/String;Ljava/util/Properties;)Ljava/sql/Connection;+72
j  com.zaxxer.hikari.util.DriverDataSource.getConnection(Ljava/lang/String;Ljava/lang/String;)Ljava/sql/Connection;+61
j  com.zaxxer.hikari.pool.PoolBase.newConnection()Ljava/sql/Connection;+49
j  com.zaxxer.hikari.pool.PoolBase.newPoolEntry()Lcom/zaxxer/hikari/pool/PoolEntry;+5
j  com.zaxxer.hikari.pool.HikariPool.createPoolEntry()Lcom/zaxxer/hikari/pool/PoolEntry;+1
j  com.zaxxer.hikari.pool.HikariPool.checkFailFast()V+20
j  com.zaxxer.hikari.pool.HikariPool.<init>(Lcom/zaxxer/hikari/HikariConfig;)V+138
j  com.zaxxer.hikari.HikariDataSource.getConnection()Ljava/sql/Connection;+82
j  org.hibernate.engine.jdbc.connections.internal.DatasourceConnectionProviderImpl.getConnection()Ljava/sql/Connection;+48
j  org.hibernate.engine.jdbc.env.internal.JdbcEnvironmentInitiator$ConnectionProviderJdbcConnectionAccess.obtainConnection()Ljava/sql/Connection;+4
j  org.hibernate.resource.transaction.backend.jdbc.internal.JdbcIsolationDelegate.delegateWork(Lorg/hibernate/jdbc/WorkExecutorVisitable;Z)Ljava/lang/Object;+6
j  org.hibernate.engine.jdbc.env.internal.JdbcEnvironmentInitiator.getJdbcEnvironmentUsingJdbcMetadata(Ljava/util/Map;Lorg/hibernate/service/spi/ServiceRegistryImplementor;Lorg/hibernate/engine/jdbc/dialect/spi/DialectFactory;Ljava/lang/String;Ljava/lang/Integer;Ljava/lang/Integer;Ljava/lang/String;)Lorg/hibernate/engine/jdbc/env/internal/JdbcEnvironmentImpl;+101
j  org.hibernate.engine.jdbc.env.internal.JdbcEnvironmentInitiator.initiateService(Ljava/util/Map;Lorg/hibernate/service/spi/ServiceRegistryImplementor;)Lorg/hibernate/engine/jdbc/env/spi/JdbcEnvironment;+123
j  org.hibernate.engine.jdbc.env.internal.JdbcEnvironmentInitiator.initiateService(Ljava/util/Map;Lorg/hibernate/service/spi/ServiceRegistryImplementor;)Lorg/hibernate/service/Service;+3
j  org.hibernate.boot.registry.internal.StandardServiceRegistryImpl.initiateService(Lorg/hibernate/service/spi/ServiceInitiator;)Lorg/hibernate/service/Service;+9
j  org.hibernate.service.internal.AbstractServiceRegistryImpl.createService(Lorg/hibernate/service/spi/ServiceBinding;)Lorg/hibernate/service/Service;+26
j  org.hibernate.service.internal.AbstractServiceRegistryImpl.initializeService(Lorg/hibernate/service/spi/ServiceBinding;)Lorg/hibernate/service/Service;+30
j  org.hibernate.service.internal.AbstractServiceRegistryImpl.getService(Ljava/lang/Class;)Lorg/hibernate/service/Service;+112
j  org.hibernate.boot.model.relational.Database.<init>(Lorg/hibernate/boot/spi/MetadataBuildingOptions;)V+10
j  org.hibernate.boot.internal.InFlightMetadataCollectorImpl.getDatabase()Lorg/hibernate/boot/model/relational/Database;+16
j  org.hibernate.boot.internal.InFlightMetadataCollectorImpl.<init>(Lorg/hibernate/boot/spi/BootstrapContext;Lorg/hibernate/boot/spi/MetadataBuildingOptions;)V+390
j  org.hibernate.boot.model.process.spi.MetadataBuildingProcess.complete(Lorg/hibernate/boot/model/process/spi/ManagedResources;Lorg/hibernate/boot/spi/BootstrapContext;Lorg/hibernate/boot/spi/MetadataBuildingOptions;)Lorg/hibernate/boot/spi/MetadataImplementor;+6
j  org.hibernate.jpa.boot.internal.EntityManagerFactoryBuilderImpl.metadata()Lorg/hibernate/boot/spi/MetadataImplementor;+30
j  org.hibernate.jpa.boot.internal.EntityManagerFactoryBuilderImpl.build()Ljakarta/persistence/EntityManagerFactory;+3
j  org.springframework.orm.jpa.vendor.SpringHibernateJpaPersistenceProvider.createContainerEntityManagerFactory(Ljakarta/persistence/spi/PersistenceUnitInfo;Ljava/util/Map;)Ljakarta/persistence/EntityManagerFactory;+59
j  org.springframework.orm.jpa.LocalContainerEntityManagerFactoryBean.createNativeEntityManagerFactory()Ljakarta/persistence/EntityManagerFactory;+111
j  org.springframework.orm.jpa.AbstractEntityManagerFactoryBean.buildNativeEntityManagerFactory()Ljakarta/persistence/EntityManagerFactory;+1
j  org.springframework.orm.jpa.AbstractEntityManagerFactoryBean.afterPropertiesSet()V+192
j  org.springframework.orm.jpa.LocalContainerEntityManagerFactoryBean.afterPropertiesSet()V+84
j  org.springframework.beans.factory.support.AbstractAutowireCapableBeanFactory.invokeInitMethods(Ljava/lang/String;Ljava/lang/Object;Lorg/springframework/beans/factory/support/RootBeanDefinition;)V+56
j  org.springframework.beans.factory.support.AbstractAutowireCapableBeanFactory.initializeBean(Ljava/lang/String;Ljava/lang/Object;Lorg/springframework/beans/factory/support/RootBeanDefinition;)Ljava/lang/Object;+34
j  org.springframework.beans.factory.support.AbstractAutowireCapableBeanFactory.doCreateBean(Ljava/lang/String;Lorg/springframework/beans/factory/support/RootBeanDefinition;[Ljava/lang/Object;)Ljava/lang/Object;+228
j  org.springframework.beans.factory.support.AbstractAutowireCapableBeanFactory.createBean(Ljava/lang/String;Lorg/springframework/beans/factory/support/RootBeanDefinition;[Ljava/lang/Object;)Ljava/lang/Object;+153
j  org.springframework.beans.factory.support.AbstractBeanFactory.lambda$doGetBean$0(Ljava/lang/String;Lorg/springframework/beans/factory/support/RootBeanDefinition;[Ljava/lang/Object;)Ljava/lang/Object;+4
j  org.springframework.beans.factory.support.AbstractBeanFactory$$Lambda+0x000001dc01149200.getObject()Ljava/lang/Object;+16
j  org.springframework.beans.factory.support.DefaultSingletonBeanRegistry.getSingleton(Ljava/lang/String;Lorg/springframework/beans/factory/ObjectFactory;)Ljava/lang/Object;+114
J 2796 c1 org.springframework.beans.factory.support.AbstractBeanFactory.doGetBean(Ljava/lang/String;Ljava/lang/Class;[Ljava/lang/Object;Z)Ljava/lang/Object; (787 bytes) @ 0x000001dc532248fc [0x000001dc53224280+0x000000000000067c]
j  org.springframework.beans.factory.support.AbstractBeanFactory.getBean(Ljava/lang/String;)Ljava/lang/Object;+5
j  org.springframework.beans.factory.support.BeanDefinitionValueResolver.resolveReference(Ljava/lang/Object;Lorg/springframework/beans/factory/config/RuntimeBeanReference;)Ljava/lang/Object;+145
j  org.springframework.beans.factory.support.BeanDefinitionValueResolver.resolveValueIfNecessary(Ljava/lang/Object;Ljava/lang/Object;)Ljava/lang/Object;+15
j  org.springframework.beans.factory.support.ConstructorResolver.resolveConstructorArguments(Ljava/lang/String;Lorg/springframework/beans/factory/support/RootBeanDefinition;Lorg/springframework/beans/BeanWrapper;Lorg/springframework/beans/factory/config/ConstructorArgumentValues;Lorg/springframework/beans/factory/config/ConstructorArgumentValues;)I+182
j  org.springframework.beans.factory.support.ConstructorResolver.instantiateUsingFactoryMethod(Ljava/lang/String;Lorg/springframework/beans/factory/support/RootBeanDefinition;[Ljava/lang/Object;)Lorg/springframework/beans/BeanWrapper;+588
j  org.springframework.beans.factory.support.AbstractAutowireCapableBeanFactory.instantiateUsingFactoryMethod(Ljava/lang/String;Lorg/springframework/beans/factory/support/RootBeanDefinition;[Ljava/lang/Object;)Lorg/springframework/beans/BeanWrapper;+11
j  org.springframework.beans.factory.support.AbstractAutowireCapableBeanFactory.createBeanInstance(Ljava/lang/String;Lorg/springframework/beans/factory/support/RootBeanDefinition;[Ljava/lang/Object;)Lorg/springframework/beans/BeanWrapper;+93
j  org.springframework.beans.factory.support.AbstractAutowireCapableBeanFactory.doCreateBean(Ljava/lang/String;Lorg/springframework/beans/factory/support/RootBeanDefinition;[Ljava/lang/Object;)Ljava/lang/Object;+34
j  org.springframework.beans.factory.support.AbstractAutowireCapableBeanFactory.createBean(Ljava/lang/String;Lorg/springframework/beans/factory/support/RootBeanDefinition;[Ljava/lang/Object;)Ljava/lang/Object;+153
j  org.springframework.beans.factory.support.AbstractBeanFactory.lambda$doGetBean$0(Ljava/lang/String;Lorg/springframework/beans/factory/support/RootBeanDefinition;[Ljava/lang/Object;)Ljava/lang/Object;+4
j  org.springframework.beans.factory.support.AbstractBeanFactory$$Lambda+0x000001dc01149200.getObject()Ljava/lang/Object;+16
j  org.springframework.beans.factory.support.DefaultSingletonBeanRegistry.getSingleton(Ljava/lang/String;Lorg/springframework/beans/factory/ObjectFactory;)Ljava/lang/Object;+114
J 2796 c1 org.springframework.beans.factory.support.AbstractBeanFactory.doGetBean(Ljava/lang/String;Ljava/lang/Class;[Ljava/lang/Object;Z)Ljava/lang/Object; (787 bytes) @ 0x000001dc532248fc [0x000001dc53224280+0x000000000000067c]
j  org.springframework.beans.factory.support.AbstractBeanFactory.getBean(Ljava/lang/String;)Ljava/lang/Object;+5
j  org.springframework.beans.factory.support.BeanDefinitionValueResolver.resolveReference(Ljava/lang/Object;Lorg/springframework/beans/factory/config/RuntimeBeanReference;)Ljava/lang/Object;+145
j  org.springframework.beans.factory.support.BeanDefinitionValueResolver.resolveValueIfNecessary(Ljava/lang/Object;Ljava/lang/Object;)Ljava/lang/Object;+15
j  org.springframework.beans.factory.support.AbstractAutowireCapableBeanFactory.applyPropertyValues(Ljava/lang/String;Lorg/springframework/beans/factory/config/BeanDefinition;Lorg/springframework/beans/BeanWrapper;Lorg/springframework/beans/PropertyValues;)V+274
j  org.springframework.beans.factory.support.AbstractAutowireCapableBeanFactory.populateBean(Ljava/lang/String;Lorg/springframework/beans/factory/support/RootBeanDefinition;Lorg/springframework/beans/BeanWrapper;)V+351
j  org.springframework.beans.factory.support.AbstractAutowireCapableBeanFactory.doCreateBean(Ljava/lang/String;Lorg/springframework/beans/factory/support/RootBeanDefinition;[Ljava/lang/Object;)Ljava/lang/Object;+220
j  org.springframework.beans.factory.support.AbstractAutowireCapableBeanFactory.createBean(Ljava/lang/String;Lorg/springframework/beans/factory/support/RootBeanDefinition;[Ljava/lang/Object;)Ljava/lang/Object;+153
j  org.springframework.beans.factory.support.AbstractBeanFactory.lambda$doGetBean$0(Ljava/lang/String;Lorg/springframework/beans/factory/support/RootBeanDefinition;[Ljava/lang/Object;)Ljava/lang/Object;+4
j  org.springframework.beans.factory.support.AbstractBeanFactory$$Lambda+0x000001dc01149200.getObject()Ljava/lang/Object;+16
j  org.springframework.beans.factory.support.DefaultSingletonBeanRegistry.getSingleton(Ljava/lang/String;Lorg/springframework/beans/factory/ObjectFactory;)Ljava/lang/Object;+114
J 2796 c1 org.springframework.beans.factory.support.AbstractBeanFactory.doGetBean(Ljava/lang/String;Ljava/lang/Class;[Ljava/lang/Object;Z)Ljava/lang/Object; (787 bytes) @ 0x000001dc532248fc [0x000001dc53224280+0x000000000000067c]
j  org.springframework.beans.factory.support.AbstractBeanFactory.getBean(Ljava/lang/String;)Ljava/lang/Object;+5
j  org.springframework.beans.factory.config.DependencyDescriptor.resolveCandidate(Ljava/lang/String;Ljava/lang/Class;Lorg/springframework/beans/factory/BeanFactory;)Ljava/lang/Object;+2
j  org.springframework.beans.factory.support.DefaultListableBeanFactory.doResolveDependency(Lorg/springframework/beans/factory/config/DependencyDescriptor;Ljava/lang/String;Ljava/util/Set;Lorg/springframework/beans/TypeConverter;)Ljava/lang/Object;+473
j  org.springframework.beans.factory.support.DefaultListableBeanFactory.resolveDependency(Lorg/springframework/beans/factory/config/DependencyDescriptor;Ljava/lang/String;Ljava/util/Set;Lorg/springframework/beans/TypeConverter;)Ljava/lang/Object;+117
j  org.springframework.beans.factory.annotation.AutowiredAnnotationBeanPostProcessor$AutowiredFieldElement.resolveFieldValue(Ljava/lang/reflect/Field;Ljava/lang/Object;Ljava/lang/String;)Ljava/lang/Object;+81
j  org.springframework.beans.factory.annotation.AutowiredAnnotationBeanPostProcessor$AutowiredFieldElement.inject(Ljava/lang/Object;Ljava/lang/String;Lorg/springframework/beans/PropertyValues;)V+74
j  org.springframework.beans.factory.annotation.InjectionMetadata.inject(Ljava/lang/Object;Ljava/lang/String;Lorg/springframework/beans/PropertyValues;)V+68
j  org.springframework.beans.factory.annotation.AutowiredAnnotationBeanPostProcessor.postProcessProperties(Lorg/springframework/beans/PropertyValues;Ljava/lang/Object;Ljava/lang/String;)Lorg/springframework/beans/PropertyValues;+17
j  org.springframework.beans.factory.support.AbstractAutowireCapableBeanFactory.populateBean(Ljava/lang/String;Lorg/springframework/beans/factory/support/RootBeanDefinition;Lorg/springframework/beans/BeanWrapper;)V+280
j  org.springframework.beans.factory.support.AbstractAutowireCapableBeanFactory.doCreateBean(Ljava/lang/String;Lorg/springframework/beans/factory/support/RootBeanDefinition;[Ljava/lang/Object;)Ljava/lang/Object;+220
j  org.springframework.beans.factory.support.AbstractAutowireCapableBeanFactory.createBean(Ljava/lang/String;Lorg/springframework/beans/factory/support/RootBeanDefinition;[Ljava/lang/Object;)Ljava/lang/Object;+153
j  org.springframework.beans.factory.support.AbstractBeanFactory.lambda$doGetBean$0(Ljava/lang/String;Lorg/springframework/beans/factory/support/RootBeanDefinition;[Ljava/lang/Object;)Ljava/lang/Object;+4
j  org.springframework.beans.factory.support.AbstractBeanFactory$$Lambda+0x000001dc01149200.getObject()Ljava/lang/Object;+16
j  org.springframework.beans.factory.support.DefaultSingletonBeanRegistry.getSingleton(Ljava/lang/String;Lorg/springframework/beans/factory/ObjectFactory;)Ljava/lang/Object;+114
J 2796 c1 org.springframework.beans.factory.support.AbstractBeanFactory.doGetBean(Ljava/lang/String;Ljava/lang/Class;[Ljava/lang/Object;Z)Ljava/lang/Object; (787 bytes) @ 0x000001dc532248fc [0x000001dc53224280+0x000000000000067c]
j  org.springframework.beans.factory.support.AbstractBeanFactory.getBean(Ljava/lang/String;)Ljava/lang/Object;+5
j  org.springframework.beans.factory.config.DependencyDescriptor.resolveCandidate(Ljava/lang/String;Ljava/lang/Class;Lorg/springframework/beans/factory/BeanFactory;)Ljava/lang/Object;+2
j  org.springframework.beans.factory.support.DefaultListableBeanFactory.doResolveDependency(Lorg/springframework/beans/factory/config/DependencyDescriptor;Ljava/lang/String;Ljava/util/Set;Lorg/springframework/beans/TypeConverter;)Ljava/lang/Object;+473
j  org.springframework.beans.factory.support.DefaultListableBeanFactory.resolveDependency(Lorg/springframework/beans/factory/config/DependencyDescriptor;Ljava/lang/String;Ljava/util/Set;Lorg/springframework/beans/TypeConverter;)Ljava/lang/Object;+117
j  org.springframework.beans.factory.annotation.AutowiredAnnotationBeanPostProcessor$AutowiredFieldElement.resolveFieldValue(Ljava/lang/reflect/Field;Ljava/lang/Object;Ljava/lang/String;)Ljava/lang/Object;+81
j  org.springframework.beans.factory.annotation.AutowiredAnnotationBeanPostProcessor$AutowiredFieldElement.inject(Ljava/lang/Object;Ljava/lang/String;Lorg/springframework/beans/PropertyValues;)V+74
j  org.springframework.beans.factory.annotation.InjectionMetadata.inject(Ljava/lang/Object;Ljava/lang/String;Lorg/springframework/beans/PropertyValues;)V+68
j  org.springframework.beans.factory.annotation.AutowiredAnnotationBeanPostProcessor.postProcessProperties(Lorg/springframework/beans/PropertyValues;Ljava/lang/Object;Ljava/lang/String;)Lorg/springframework/beans/PropertyValues;+17
j  org.springframework.beans.factory.support.AbstractAutowireCapableBeanFactory.populateBean(Ljava/lang/String;Lorg/springframework/beans/factory/support/RootBeanDefinition;Lorg/springframework/beans/BeanWrapper;)V+280
j  org.springframework.beans.factory.support.AbstractAutowireCapableBeanFactory.doCreateBean(Ljava/lang/String;Lorg/springframework/beans/factory/support/RootBeanDefinition;[Ljava/lang/Object;)Ljava/lang/Object;+220
j  org.springframework.beans.factory.support.AbstractAutowireCapableBeanFactory.createBean(Ljava/lang/String;Lorg/springframework/beans/factory/support/RootBeanDefinition;[Ljava/lang/Object;)Ljava/lang/Object;+153
j  org.springframework.beans.factory.support.AbstractBeanFactory.lambda$doGetBean$0(Ljava/lang/String;Lorg/springframework/beans/factory/support/RootBeanDefinition;[Ljava/lang/Object;)Ljava/lang/Object;+4
j  org.springframework.beans.factory.support.AbstractBeanFactory$$Lambda+0x000001dc01149200.getObject()Ljava/lang/Object;+16
j  org.springframework.beans.factory.support.DefaultSingletonBeanRegistry.getSingleton(Ljava/lang/String;Lorg/springframework/beans/factory/ObjectFactory;)Ljava/lang/Object;+114
J 2796 c1 org.springframework.beans.factory.support.AbstractBeanFactory.doGetBean(Ljava/lang/String;Ljava/lang/Class;[Ljava/lang/Object;Z)Ljava/lang/Object; (787 bytes) @ 0x000001dc532248fc [0x000001dc53224280+0x000000000000067c]
j  org.springframework.beans.factory.support.AbstractBeanFactory.getBean(Ljava/lang/String;)Ljava/lang/Object;+5
j  org.springframework.beans.factory.support.ConstructorResolver.instantiateUsingFactoryMethod(Ljava/lang/String;Lorg/springframework/beans/factory/support/RootBeanDefinition;[Ljava/lang/Object;)Lorg/springframework/beans/BeanWrapper;+60
j  org.springframework.beans.factory.support.AbstractAutowireCapableBeanFactory.instantiateUsingFactoryMethod(Ljava/lang/String;Lorg/springframework/beans/factory/support/RootBeanDefinition;[Ljava/lang/Object;)Lorg/springframework/beans/BeanWrapper;+11
j  org.springframework.beans.factory.support.AbstractAutowireCapableBeanFactory.createBeanInstance(Ljava/lang/String;Lorg/springframework/beans/factory/support/RootBeanDefinition;[Ljava/lang/Object;)Lorg/springframework/beans/BeanWrapper;+93
j  org.springframework.beans.factory.support.AbstractAutowireCapableBeanFactory.doCreateBean(Ljava/lang/String;Lorg/springframework/beans/factory/support/RootBeanDefinition;[Ljava/lang/Object;)Ljava/lang/Object;+34
j  org.springframework.beans.factory.support.AbstractAutowireCapableBeanFactory.createBean(Ljava/lang/String;Lorg/springframework/beans/factory/support/RootBeanDefinition;[Ljava/lang/Object;)Ljava/lang/Object;+153
j  org.springframework.beans.factory.support.AbstractBeanFactory.lambda$doGetBean$0(Ljava/lang/String;Lorg/springframework/beans/factory/support/RootBeanDefinition;[Ljava/lang/Object;)Ljava/lang/Object;+4
j  org.springframework.beans.factory.support.AbstractBeanFactory$$Lambda+0x000001dc01149200.getObject()Ljava/lang/Object;+16
j  org.springframework.beans.factory.support.DefaultSingletonBeanRegistry.getSingleton(Ljava/lang/String;Lorg/springframework/beans/factory/ObjectFactory;)Ljava/lang/Object;+114
J 2796 c1 org.springframework.beans.factory.support.AbstractBeanFactory.doGetBean(Ljava/lang/String;Ljava/lang/Class;[Ljava/lang/Object;Z)Ljava/lang/Object; (787 bytes) @ 0x000001dc532248fc [0x000001dc53224280+0x000000000000067c]
J 2800 c1 org.springframework.beans.factory.support.AbstractBeanFactory.getBean(Ljava/lang/String;Ljava/lang/Class;)Ljava/lang/Object; (9 bytes) @ 0x000001dc53220ef4 [0x000001dc53220ea0+0x0000000000000054]
j  org.springframework.boot.web.servlet.ServletContextInitializerBeans.getOrderedBeansOfType(Lorg/springframework/beans/factory/ListableBeanFactory;Ljava/lang/Class;Lorg/springframework/boot/web/servlet/ServletContextInitializerBeans$Seen;)Ljava/util/List;+68
j  org.springframework.boot.web.servlet.ServletContextInitializerBeans.addAsRegistrationBean(Lorg/springframework/beans/factory/ListableBeanFactory;Ljava/lang/Class;Ljava/lang/Class;Lorg/springframework/boot/web/servlet/ServletContextInitializerBeans$RegistrationBeanAdapter;)V+7
j  org.springframework.boot.web.servlet.ServletContextInitializerBeans.addAsRegistrationBean(Lorg/springframework/beans/factory/ListableBeanFactory;Ljava/lang/Class;Lorg/springframework/boot/web/servlet/ServletContextInitializerBeans$RegistrationBeanAdapter;)V+5
j  org.springframework.boot.web.servlet.ServletContextInitializerBeans.addAdaptableBeans(Lorg/springframework/beans/factory/ListableBeanFactory;)V+32
j  org.springframework.boot.web.servlet.ServletContextInitializerBeans.<init>(Lorg/springframework/beans/factory/ListableBeanFactory;[Ljava/lang/Class;)V+54
j  org.springframework.boot.web.servlet.context.ServletWebServerApplicationContext.getServletContextInitializerBeans()Ljava/util/Collection;+12
j  org.springframework.boot.web.servlet.context.ServletWebServerApplicationContext.selfInitialize(Ljakarta/servlet/ServletContext;)V+19
j  org.springframework.boot.web.servlet.context.ServletWebServerApplicationContext$$Lambda+0x000001dc0133e6a8.onStartup(Ljakarta/servlet/ServletContext;)V+5
j  org.springframework.boot.web.embedded.tomcat.TomcatStarter.onStartup(Ljava/util/Set;Ljakarta/servlet/ServletContext;)V+28
j  org.apache.catalina.core.StandardContext.startInternal()V+1050
j  org.apache.catalina.util.LifecycleBase.start()V+210
j  org.apache.catalina.core.ContainerBase$StartChild.call()Ljava/lang/Void;+4
j  org.apache.catalina.core.ContainerBase$StartChild.call()Ljava/lang/Object;+1
j  java.util.concurrent.FutureTask.run()V+39 java.base@24.0.1
j  org.apache.tomcat.util.threads.InlineExecutorService.execute(Ljava/lang/Runnable;)V+38
j  java.util.concurrent.AbstractExecutorService.submit(Ljava/util/concurrent/Callable;)Ljava/util/concurrent/Future;+20 java.base@24.0.1
j  org.apache.catalina.core.ContainerBase.startInternal()V+116
j  org.apache.catalina.core.StandardHost.startInternal()V+179
j  org.apache.catalina.util.LifecycleBase.start()V+210
j  org.apache.catalina.core.ContainerBase$StartChild.call()Ljava/lang/Void;+4
j  org.apache.catalina.core.ContainerBase$StartChild.call()Ljava/lang/Object;+1
j  java.util.concurrent.FutureTask.run()V+39 java.base@24.0.1
j  org.apache.tomcat.util.threads.InlineExecutorService.execute(Ljava/lang/Runnable;)V+38
j  java.util.concurrent.AbstractExecutorService.submit(Ljava/util/concurrent/Callable;)Ljava/util/concurrent/Future;+20 java.base@24.0.1
j  org.apache.catalina.core.ContainerBase.startInternal()V+116
j  org.apache.catalina.core.StandardEngine.startInternal()V+38
j  org.apache.catalina.util.LifecycleBase.start()V+210
j  org.apache.catalina.core.StandardService.startInternal()V+57
j  org.apache.catalina.util.LifecycleBase.start()V+210
j  org.apache.catalina.core.StandardServer.startInternal()V+84
j  org.apache.catalina.util.LifecycleBase.start()V+210
j  org.apache.catalina.startup.Tomcat.start()V+9
j  org.springframework.boot.web.embedded.tomcat.TomcatWebServer.initialize()V+55
j  org.springframework.boot.web.embedded.tomcat.TomcatWebServer.<init>(Lorg/apache/catalina/startup/Tomcat;ZLorg/springframework/boot/web/server/Shutdown;)V+66
j  org.springframework.boot.web.embedded.tomcat.TomcatServletWebServerFactory.getTomcatWebServer(Lorg/apache/catalina/startup/Tomcat;)Lorg/springframework/boot/web/embedded/tomcat/TomcatWebServer;+21
j  org.springframework.boot.web.embedded.tomcat.TomcatServletWebServerFactory.getWebServer([Lorg/springframework/boot/web/servlet/ServletContextInitializer;)Lorg/springframework/boot/web/server/WebServer;+226
j  org.springframework.boot.web.servlet.context.ServletWebServerApplicationContext.createWebServer()V+67
j  org.springframework.boot.web.servlet.context.ServletWebServerApplicationContext.onRefresh()V+5
j  org.springframework.context.support.AbstractApplicationContext.refresh()V+85
j  org.springframework.boot.web.servlet.context.ServletWebServerApplicationContext.refresh()V+1
j  org.springframework.boot.SpringApplication.refresh(Lorg/springframework/context/ConfigurableApplicationContext;)V+1
j  org.springframework.boot.SpringApplication.refreshContext(Lorg/springframework/context/ConfigurableApplicationContext;)V+16
j  org.springframework.boot.SpringApplication.run([Ljava/lang/String;)Lorg/springframework/context/ConfigurableApplicationContext;+110
j  org.springframework.boot.SpringApplication.run([Ljava/lang/Class;[Ljava/lang/String;)Lorg/springframework/context/ConfigurableApplicationContext;+9
j  org.springframework.boot.SpringApplication.run(Ljava/lang/Class;[Ljava/lang/String;)Lorg/springframework/context/ConfigurableApplicationContext;+9
j  Main.ThcsdlApplication.main([Ljava/lang/String;)V+3
v  ~StubRoutines::call_stub 0x000001dc52c10fcd
Lock stack of current Java thread (top to bottom):
LockStack[3]: java.lang.Object 
{0x0000000087d29990} - klass: 'java/lang/Object' - flags: 

 - ---- fields (total size 2 words):
LockStack[2]: java.lang.Object 
{0x0000000087d294d0} - klass: 'java/lang/Object' - flags: 

 - ---- fields (total size 2 words):
LockStack[1]: com.mysql.cj.jdbc.ConnectionImpl 
{0x00000000880e3990} - klass: 'com/mysql/cj/jdbc/ConnectionImpl' - flags: 

 - ---- fields (total size 23 words):
 - private 'isolationLevel' 'I' @12  2 (0x00000002)
 - private 'origPortToConnectTo' 'I' @16  3306 (0x00000cea)
 - private 'autoIncrementIncrement' 'I' @20  0 (0x00000000)
 - private 'isInGlobalTx' 'Z' @24  false (0x00)
 - private 'readOnly' 'Z' @25  false (0x00)
 - private 'hasTriedSourceFlag' 'Z' @26  false (0x00)
 - private 'parentProxy' 'Lcom/mysql/cj/jdbc/JdbcConnection;' @28  null (0x00000000)
 - private 'topProxy' 'Lcom/mysql/cj/jdbc/JdbcConnection;' @32  null (0x00000000)
 - private 'realProxy' 'Ljava/lang/reflect/InvocationHandler;' @36  null (0x00000000)
 - private 'connectionLifecycleInterceptors' 'Ljava/util/List;' @40  null (0x00000000)
 - private 'queryInfoCache' 'Lcom/mysql/cj/CacheAdapter;' @44  null (0x00000000)
 - private 'database' 'Ljava/lang/String;' @48  "san_bong"{0x0000000088182cf8} (0x88182cf8)
 - private 'dbmd' 'Ljava/sql/DatabaseMetaData;' @52  a 'com/mysql/cj/jdbc/DatabaseMetaData'{0x0000000087ed8848} (0x87ed8848)
 - private 'session' 'Lcom/mysql/cj/NativeSession;' @56  a 'com/mysql/cj/NativeSession'{0x0000000087e693d8} (0x87e693d8)
 - private final 'openStatements' 'Ljava/util/concurrent/CopyOnWriteArrayList;' @60  a 'java/util/concurrent/CopyOnWriteArrayList'{0x00000000880e3a48} (0x880e3a48)
 - private 'parsedCallableStatementCache' 'Lcom/mysql/cj/util/LRUCache;' @64  null (0x00000000)
 - private 'password' 'Ljava/lang/String;' @68  "admin"{0x0000000084cbc728} (0x84cbc728)
 - protected 'props' 'Ljava/util/Properties;' @72  a 'java/util/Properties'{0x00000000880e3a70} (0x880e3a70)
 - protected 'resultSetMetadataCache' 'Lcom/mysql/cj/util/LRUCache;' @76  null (0x00000000)
 - private 'typeMap' 'Ljava/util/Map;' @80  null (0x00000000)
 - private 'user' 'Ljava/lang/String;' @84  "root"{0x0000000084cbc810} (0x84cbc810)
 - private 'serverSideStatementCheckCache' 'Lcom/mysql/cj/util/LRUCache;' @88  null (0x00000000)
 - private 'serverSideStatementCache' 'Lcom/mysql/cj/util/LRUCache;' @92  null (0x00000000)
 - private 'origHostInfo' 'Lcom/mysql/cj/conf/HostInfo;' @96  a 'com/mysql/cj/conf/HostInfo'{0x0000000088032968} (0x88032968)
 - private 'origHostToConnectTo' 'Ljava/lang/String;' @100  "localhost"{0x0000000088190058} (0x88190058)
 - private 'queryInterceptors' 'Ljava/util/List;' @104  a 'java/util/LinkedList'{0x0000000087efe8a0} (0x87efe8a0)
 - protected 'propertySet' 'Lcom/mysql/cj/jdbc/JdbcPropertySet;' @108  a 'com/mysql/cj/jdbc/JdbcPropertySetImpl'{0x00000000880f8dc8} (0x880f8dc8)
 - private 'autoReconnectForPools' 'Lcom/mysql/cj/conf/RuntimeProperty;' @112  a 'com/mysql/cj/conf/BooleanProperty'{0x0000000087fd74b0} (0x87fd74b0)
 - private 'cachePrepStmts' 'Lcom/mysql/cj/conf/RuntimeProperty;' @116  a 'com/mysql/cj/conf/BooleanProperty'{0x0000000087fd9880} (0x87fd9880)
 - private 'autoReconnect' 'Lcom/mysql/cj/conf/RuntimeProperty;' @120  a 'com/mysql/cj/conf/BooleanProperty'{0x0000000087fd7730} (0x87fd7730)
 - private 'useUsageAdvisor' 'Lcom/mysql/cj/conf/RuntimeProperty;' @124  a 'com/mysql/cj/conf/BooleanProperty'{0x0000000087fd9a00} (0x87fd9a00)
 - private 'reconnectAtTxEnd' 'Lcom/mysql/cj/conf/RuntimeProperty;' @128  a 'com/mysql/cj/conf/BooleanProperty'{0x0000000087fdd250} (0x87fdd250)
 - private 'emulateUnsupportedPstmts' 'Lcom/mysql/cj/conf/RuntimeProperty;' @132  a 'com/mysql/cj/conf/BooleanProperty'{0x0000000087fd75b0} (0x87fd75b0)
 - private 'ignoreNonTxTables' 'Lcom/mysql/cj/conf/RuntimeProperty;' @136  a 'com/mysql/cj/conf/BooleanProperty'{0x0000000087fd7c38} (0x87fd7c38)
 - private 'pedantic' 'Lcom/mysql/cj/conf/RuntimeProperty;' @140  a 'com/mysql/cj/conf/BooleanProperty'{0x0000000087fdc1c0} (0x87fdc1c0)
 - private 'prepStmtCacheSqlLimit' 'Lcom/mysql/cj/conf/RuntimeProperty;' @144  a 'com/mysql/cj/conf/IntegerProperty'{0x0000000087fd5bc0} (0x87fd5bc0)
 - private 'useLocalSessionState' 'Lcom/mysql/cj/conf/RuntimeProperty;' @148  a 'com/mysql/cj/conf/BooleanProperty'{0x0000000087fd9740} (0x87fd9740)
 - private 'useServerPrepStmts' 'Lcom/mysql/cj/conf/RuntimeProperty;' @152  a 'com/mysql/cj/conf/BooleanProperty'{0x0000000087fd8230} (0x87fd8230)
 - private 'processEscapeCodesForPrepStmts' 'Lcom/mysql/cj/conf/RuntimeProperty;' @156  a 'com/mysql/cj/conf/BooleanProperty'{0x0000000087fd7bb8} (0x87fd7bb8)
 - private 'useLocalTransactionState' 'Lcom/mysql/cj/conf/RuntimeProperty;' @160  a 'com/mysql/cj/conf/BooleanProperty'{0x0000000087fd9640} (0x87fd9640)
 - private 'disconnectOnExpiredPasswords' 'Lcom/mysql/cj/conf/RuntimeProperty;' @164  a 'com/mysql/cj/conf/BooleanProperty'{0x0000000087fdc000} (0x87fdc000)
 - private 'readOnlyPropagatesToServer' 'Lcom/mysql/cj/conf/RuntimeProperty;' @168  a 'com/mysql/cj/conf/BooleanProperty'{0x0000000087fd77f0} (0x87fd77f0)
 - protected 'nullStatementResultSetFactory' 'Lcom/mysql/cj/jdbc/result/ResultSetFactory;' @172  a 'com/mysql/cj/jdbc/result/ResultSetFactory'{0x0000000087e42df0} (0x87e42df0)
 - private 'exceptionInterceptor' 'Lcom/mysql/cj/exceptions/ExceptionInterceptor;' @176  null (0x00000000)
 - private 'infoProvider' 'Lcom/mysql/cj/jdbc/ClientInfoProvider;' @180  null (0x00000000)
LockStack[0]: com.zaxxer.hikari.HikariDataSource 
{0x0000000086f00bd0} - klass: 'com/zaxxer/hikari/HikariDataSource' - flags: 

 - ---- fields (total size 23 words):
 - private volatile 'maxPoolSize' 'I' @12  20 (0x00000014)
 - private volatile 'connectionTimeout' 'J' @16  30000 (0x0000000000007530)
 - private volatile 'validationTimeout' 'J' @24  5000 (0x0000000000001388)
 - private volatile 'idleTimeout' 'J' @32  30000 (0x0000000000007530)
 - private volatile 'leakDetectionThreshold' 'J' @40  2000 (0x00000000000007d0)
 - private volatile 'maxLifetime' 'J' @48  1800000 (0x00000000001b7740)
 - private 'initializationFailTimeout' 'J' @56  1 (0x0000000000000001)
 - private 'keepaliveTime' 'J' @64  0 (0x0000000000000000)
 - private volatile 'minIdle' 'I' @72  5 (0x00000005)
 - private 'isAutoCommit' 'Z' @76  true (0x01)
 - private 'isReadOnly' 'Z' @77  false (0x00)
 - private 'isIsolateInternalQueries' 'Z' @78  false (0x00)
 - private 'isRegisterMbeans' 'Z' @79  false (0x00)
 - private 'isAllowPoolSuspension' 'Z' @80  false (0x00)
 - private volatile 'sealed' 'Z' @81  false (0x00)
 - private volatile 'catalog' 'Ljava/lang/String;' @84  null (0x00000000)
 - private volatile 'username' 'Ljava/lang/String;' @88  "root"{0x0000000084cbc810} (0x84cbc810)
 - private volatile 'password' 'Ljava/lang/String;' @92  "admin"{0x0000000084cbc728} (0x84cbc728)
 - private 'connectionInitSql' 'Ljava/lang/String;' @96  null (0x00000000)
 - private 'connectionTestQuery' 'Ljava/lang/String;' @100  null (0x00000000)
 - private 'dataSourceClassName' 'Ljava/lang/String;' @104  null (0x00000000)
 - private 'dataSourceJndiName' 'Ljava/lang/String;' @108  null (0x00000000)
 - private 'driverClassName' 'Ljava/lang/String;' @112  "com.mysql.cj.jdbc.Driver"{0x0000000084cbb7e0} (0x84cbb7e0)
 - private 'exceptionOverrideClassName' 'Ljava/lang/String;' @116  null (0x00000000)
 - private 'jdbcUrl' 'Ljava/lang/String;' @120  "jdbc:mysql://localhost:3306/san_bong?useSSL=false&serverTimezone=UTC&allowPublicKeyRetrieval=true"{0x0000000084cbc8f0} (0x84cbc8f0)
 - private 'poolName' 'Ljava/lang/String;' @124  "HikariPool-1"{0x0000000084cbc458} (0x84cbc458)
 - private 'schema' 'Ljava/lang/String;' @128  null (0x00000000)
 - private 'transactionIsolationName' 'Ljava/lang/String;' @132  null (0x00000000)
 - private 'dataSource' 'Ljavax/sql/DataSource;' @136  null (0x00000000)
 - private 'dataSourceProperties' 'Ljava/util/Properties;' @140  a 'java/util/Properties'{0x0000000086f00c88} (0x86f00c88)
 - private 'threadFactory' 'Ljava/util/concurrent/ThreadFactory;' @144  null (0x00000000)
 - private 'scheduledExecutor' 'Ljava/util/concurrent/ScheduledExecutorService;' @148  null (0x00000000)
 - private 'metricsTrackerFactory' 'Lcom/zaxxer/hikari/metrics/MetricsTrackerFactory;' @152  null (0x00000000)
 - private 'metricRegistry' 'Ljava/lang/Object;' @156  null (0x00000000)
 - private 'healthCheckRegistry' 'Ljava/lang/Object;' @160  null (0x00000000)
 - private 'healthCheckProperties' 'Ljava/util/Properties;' @164  a 'java/util/Properties'{0x0000000086f00d00} (0x86f00d00)
 - private final 'isShutdown' 'Ljava/util/concurrent/atomic/AtomicBoolean;' @168  a 'java/util/concurrent/atomic/AtomicBoolean'{0x0000000086f00d78} (0x86f00d78)
 - private final 'fastPathPool' 'Lcom/zaxxer/hikari/pool/HikariPool;' @172  null (0x00000000)
 - private volatile 'pool' 'Lcom/zaxxer/hikari/pool/HikariPool;' @176  null (0x00000000)

invokestatic  184 invokestatic  [0x000001dc52c27ce0, 0x000001dc52c27e58]  376 bytes
[MachCode]
  0x000001dc52c27ce0: 4883 ec08 | c5fa 1104 | 24eb 1f48 | 83ec 10c5 | fb11 0424 | eb14 4883 | ec10 4889 | 0424 48c7 
  0x000001dc52c27d00: 4424 0800 | 0000 00eb | 0150 488b | 4dd0 410f | b755 0148 | 8b49 386b | d218 488d | 4c11 080f 
  0x000001dc52c27d20: b659 1681 | fbb8 0000 | 000f 84bd | 0000 00bb | b800 0000 | e805 0000 | 00e9 9900 | 0000 488b 
  0x000001dc52c27d40: d348 8d44 | 2408 4c89 | 6dc0 498b | cfc5 f877 | 4989 afb8 | 0300 0049 | 8987 a803 | 0000 4883 
  0x000001dc52c27d60: ec20 40f6 | c40f 0f84 | 1900 0000 | 4883 ec08 | 48b8 105e | a5ba fd7f | 0000 ffd0 | 4883 c408 
  0x000001dc52c27d80: e90c 0000 | 0048 b810 | 5ea5 bafd | 7f00 00ff | d048 83c4 | 2049 c787 | a803 0000 | 0000 0000 
  0x000001dc52c27da0: 49c7 87b8 | 0300 0000 | 0000 0049 | c787 b003 | 0000 0000 | 0000 c5f8 | 7749 837f | 0800 0f84 
  0x000001dc52c27dc0: 0500 0000 | e9f7 90fe | ff4c 8b6d | c04c 8b75 | c84e 8d74 | f500 c348 | 8b4d d041 | 0fb7 5501 
  0x000001dc52c27de0: 488b 4938 | 6bd2 1848 | 8d4c 1108 | 488b 1948 | 8b5b 0848 | 8b5b 0848 | 8b5b 1880 | bb40 0100 
  0x000001dc52c27e00: 0004 0f84 | 0d00 0000 | 4c3b bb48 | 0100 000f | 851a ffff | ff0f b651 | 1548 8b19 | 4c89 6dc0 
  0x000001dc52c27e20: 448b ea0f | b651 1449 | ba40 4831 | bbfd 7f00 | 0049 8b14 | d252 418b | d54c 8b6d | c04c 8d6c 
  0x000001dc52c27e40: 2408 498b | cd48 2bcd | 48c1 f903 | 4889 4df0 | ff63 500f | 1f44 0000 
[/MachCode]

Compiled method (n/a) 7859  877     n 0       java.lang.Class::forName0 (native)
 total in heap  [0x000001dc52fcbd08,0x000001dc52fcc0e0] = 984
 relocation     [0x000001dc52fcbde0,0x000001dc52fcbdf8] = 24
 main code      [0x000001dc52fcbe00,0x000001dc52fcc0d9] = 729
 stub code      [0x000001dc52fcc0d9,0x000001dc52fcc0e0] = 7

[Constant Pool (empty)]

[MachCode]
[Entry Point]
  # {method} {0x000001dc0017a7e0} 'forName0' '(Ljava/lang/String;ZLjava/lang/ClassLoader;Ljava/lang/Class;)Ljava/lang/Class;' in 'java/lang/Class'
  # parm0:    rdx:rdx   = 'java/lang/String'
  # parm1:    r8        = boolean
  # parm2:    r9:r9     = 'java/lang/ClassLoader'
  # parm3:    rdi:rdi   = 'java/lang/Class'
  #           [sp+0x80]  (sp of caller)
  0x000001dc52fcbe00: 6690 448b | 5208 443b 

  0x000001dc52fcbe08: ;   {runtime_call Shared Runtime ic_miss_blob}
  0x000001dc52fcbe08: 5008 0f85 | 5029 c9ff 
[Verified Entry Point]
  0x000001dc52fcbe10: 8984 2400 | 80ff ff55 | 488b ec48 | 83ec 7090 | 4181 7f20 | 0500 0000 

  0x000001dc52fcbe28: ;   {runtime_call StubRoutines (final stubs)}
  0x000001dc52fcbe28: 7405 e891 | 9ac7 ff48 | 897c 2448 | 4883 ff00 | 488d 4424 | 4848 0f44 | 4424 4848 | 8944 2428 
  0x000001dc52fcbe48: 4c89 4c24 | 4049 83f9 | 0048 8d44 | 2440 480f | 4444 2440 | 4889 4424 | 204d 8bc8 | 4889 5424 
  0x000001dc52fcbe68: 3048 83fa | 004c 8d44 | 2430 4c0f | 4444 2430 

  0x000001dc52fcbe78: ;   {oop(a 'java/lang/Class'{0x00000000ffe7c5f0} = 'java/lang/Class')}
  0x000001dc52fcbe78: 49be f0c5 | e7ff 0000 | 0000 4c89 | 7424 604c | 8d74 2460 | 498b d6c5 

  0x000001dc52fcbe90: ;   {internal_word}
  0x000001dc52fcbe90: f877 49ba | 8fbe fc52 | dc01 0000 | 4d89 97b0 | 0300 0049 | 89a7 a803 | 0000 498d | 8fc8 0300 
  0x000001dc52fcbeb0: 0041 c787 | 5404 0000 | 0400 0000 

  0x000001dc52fcbebc: ;   {runtime_call}
  0x000001dc52fcbebc: 48b8 a012 | 19c2 fd7f | 0000 ffd0 | c5f8 7741 | c787 5404 | 0000 0500 | 0000 f083 | 4424 c000 
  0x000001dc52fcbedc: 493b 6f28 | 0f87 0e00 | 0000 4183 | bf50 0400 | 0000 0f84 | 2b00 0000 | c5f8 7748 | 8945 f849 
  0x000001dc52fcbefc: 8bcf 4c8b | e448 83ec | 2048 83e4 

  0x000001dc52fcbf08: ;   {runtime_call}
  0x000001dc52fcbf08: f048 b8d0 | b9a6 bafd | 7f00 00ff | d049 8be4 | 4d33 e448 | 8b45 f841 | c787 5404 | 0000 0800 
  0x000001dc52fcbf28: 0000 4183 | bfd0 0400 | 0002 0f84 | 7401 0000 | 49c7 87a8 | 0300 0000 | 0000 0049 | c787 b003 
  0x000001dc52fcbf48: 0000 0000 | 0000 c5f8 | 7748 85c0 | 0f84 2f01 | 0000 a803 | 0f85 0800 | 0000 488b | 00e9 1f01 
  0x000001dc52fcbf68: 0000 a801 | 0f85 0900 | 0000 488b | 40fe e90e | 0100 0048 | 8b40 ff41 | 807f 4800 | 0f84 ff00 
  0x000001dc52fcbf88: 0000 4883 | f800 0f84 | f500 0000 | 498b 4f38 | 4885 c90f | 8414 0000 | 0048 83e9 | 0849 894f 
  0x000001dc52fcbfa8: 3849 034f | 4048 8901 | e9d4 0000 | 0048 83ec | 7048 8904 | 2448 894c | 2408 4889 | 5424 104c 
  0x000001dc52fcbfc8: 8944 2418 | 4c89 4c24 | 204c 8954 | 2428 4c89 | 5c24 30c5 | fb11 4424 | 40c5 fb11 | 4c24 48c5 
  0x000001dc52fcbfe8: fb11 5424 | 50c5 fb11 | 5c24 58c5 | fb11 6424 | 60c5 fb11 | 6c24 6849 | 8bd7 488b | c848 83ec 
  0x000001dc52fcc008: ;   {no_reloc}
  0x000001dc52fcc008: 2040 f6c4 | 0f0f 8419 | 0000 0048 

  0x000001dc52fcc014: ;   {runtime_call}
  0x000001dc52fcc014: 83ec 0848 | b890 4999 | bafd 7f00 | 00ff d048 | 83c4 08e9 | 0c00 0000 

  0x000001dc52fcc02c: ;   {runtime_call}
  0x000001dc52fcc02c: 48b8 9049 | 99ba fd7f | 0000 ffd0 | 4883 c420 | c5fb 106c | 2468 c5fb | 1064 2460 | c5fb 105c 
  0x000001dc52fcc04c: 2458 c5fb | 1054 2450 | c5fb 104c | 2448 c5fb | 1044 2440 | 4c8b 5c24 | 304c 8b54 | 2428 4c8b 
  0x000001dc52fcc06c: 4c24 204c | 8b44 2418 | 488b 5424 | 1048 8b4c | 2408 488b | 0424 4883 | c470 c5f8 | 7749 8b8f 
  0x000001dc52fcc08c: 3804 0000 | c781 0001 | 0000 0000 | 0000 c949 | 837f 0800 | 0f85 0100 

  0x000001dc52fcc0a4: ;   {runtime_call StubRoutines (initial stubs)}
  0x000001dc52fcc0a4: 0000 c3e9 | 144e c4ff | c5f8 7748 | 8945 f84c | 8be4 4883 | ec20 4883 

  0x000001dc52fcc0bc: ;   {runtime_call}
  0x000001dc52fcc0bc: e4f0 48b8 | d056 deba | fd7f 0000 | ffd0 498b | e44d 33e4 | 488b 45f8 | e95f feff | fff4 f4f4 
  0x000001dc52fcc0dc: f4f4 f4f4 
[/MachCode]


Compiled method (c1) 7867 2796   !   1       org.springframework.beans.factory.support.AbstractBeanFactory::doGetBean (787 bytes)
 total in heap  [0x000001dc53223b88,0x000001dc53226cc0] = 12600
 relocation     [0x000001dc53223c60,0x000001dc53224270] = 1552
 main code      [0x000001dc53224280,0x000001dc532265a8] = 9000
 stub code      [0x000001dc532265a8,0x000001dc53226a48] = 1184
 oops           [0x000001dc53226a48,0x000001dc53226a90] = 72
 metadata       [0x000001dc53226a90,0x000001dc53226cc0] = 560
 immutable data [0x000001dc4641b780,0x000001dc4641e248] = 10952
 dependencies   [0x000001dc4641b780,0x000001dc4641b888] = 264
 nul chk table  [0x000001dc4641b888,0x000001dc4641b978] = 240
 handler table  [0x000001dc4641b978,0x000001dc4641c7c8] = 3664
 scopes pcs     [0x000001dc4641c7c8,0x000001dc4641d188] = 2496
 scopes data    [0x000001dc4641d188,0x000001dc4641e248] = 4288

[Constant Pool (empty)]

[MachCode]
[Instructions begin]
  0x000001dc53224280: 6666 660f | 1f84 0000 | 0000 0066 | 6666 9066 | 6690 448b | 5208 443b 

  0x000001dc53224298: ;   {runtime_call Shared Runtime ic_miss_blob}
  0x000001dc53224298: 5008 0f85 | c0a4 a3ff 
[Verified Entry Point]
  0x000001dc532242a0: 8984 2400 | 80ff ff55 | 4881 ec50 | 0200 0090 | 4181 7f20 | 0400 0000 

  0x000001dc532242b8: ;   {runtime_call StubRoutines (final stubs)}
  0x000001dc532242b8: 7405 e801 | 16a2 ff48 | 8994 24d0 | 0000 004c | 8984 24f0 | 0000 004c | 898c 24e8 | 0000 0048 
  0x000001dc532242d8: 89bc 24d8 | 0000 0089 | b424 e000 | 0000 498b | d066 0f1f 

  0x000001dc532242ec: ;   {static_call}
  0x000001dc532242ec: 4400 00e8 

  0x000001dc532242f0: ; ImmutableOopMap {[208]=Oop [216]=Oop [232]=Oop [240]=Oop }
                      ;*invokestatic transformedBeanName {reexecute=0 rethrow=0 return_oop=0}
                      ; - org.springframework.beans.factory.support.AbstractBeanFactory::transformedBeanName@2 (line 1277)
                      ; - org.springframework.beans.factory.support.AbstractBeanFactory::doGetBean@2 (line 244)
  0x000001dc532242f0: 6c20 fcff 

  0x000001dc532242f4: ;   {post_call_nop}
  0x000001dc532242f4: 0f1f 8400 | 6c07 0000 | e927 0000 | 000f 1f80 | 0000 0000 | 488b 8424 | f800 0000 | e903 0000 
  0x000001dc53224314: 0049 8bc0 

  0x000001dc53224318: ; ImmutableOopMap {r8=Oop rax=Oop [208]=Oop [216]=Oop [232]=Oop [240]=Oop }
                      ;*ifnonnull {reexecute=1 rethrow=0 return_oop=0}
                      ; - (reexecute) org.springframework.core.SimpleAliasRegistry::canonicalName@23 (line 221)
                      ; - org.springframework.beans.factory.support.AbstractBeanFactory::transformedBeanName@5 (line 1277)
                      ; - org.springframework.beans.factory.support.AbstractBeanFactory::doGetBean@2 (line 244)
  0x000001dc53224318: 4d8b 5730 

  0x000001dc5322431c: ;   {poll}
  0x000001dc5322431c: 4185 024d | 85c0 0f84 | 7700 0000 | 488b 9424 | d000 0000 | 8b72 104c | 8bc0 488b | d648 8984 
  0x000001dc5322433c: 24f8 0000 | 000f 1f40 | 0048 b8e0 | f341 46dc 

  0x000001dc5322434c: ;   {virtual_call}
  0x000001dc5322434c: 0100 00e8 

  0x000001dc53224350: ; ImmutableOopMap {[208]=Oop [216]=Oop [232]=Oop [240]=Oop [248]=Oop }
                      ;*invokeinterface get {reexecute=0 rethrow=0 return_oop=0}
                      ; - org.springframework.core.SimpleAliasRegistry::canonicalName@7 (line 216)
                      ; - org.springframework.beans.factory.support.AbstractBeanFactory::transformedBeanName@5 (line 1277)
                      ; - org.springframework.beans.factory.support.AbstractBeanFactory::doGetBean@2 (line 244)
  0x000001dc53224350: be26 cdff 

  0x000001dc53224354: ;   {post_call_nop}
  0x000001dc53224354: 0f1f 8400 | cc07 0002 | 4885 c00f | 8429 0000 

  0x000001dc53224364: ;   {metadata('java/lang/String')}
  0x000001dc53224364: 0048 be48 | ae16 00dc | 0100 0044 | 8b48 0849 | ba00 0000 | 00dc 0100 | 004d 03ca | 493b f10f 
  0x000001dc53224384: 85e0 1c00 | 00e9 0000 | 0000 4c8b | c04d 85c0 | 0f84 6eff | ffff e976 | ffff ff4c | 8bc0 41b9 
  0x000001dc532243a4: 0100 0000 | 488b 9424 | d000 0000 | 4889 8424 | 0001 0000 | 0f1f 8000 

  0x000001dc532243bc: ;   {optimized virtual_call}
  0x000001dc532243bc: 0000 00e8 

  0x000001dc532243c0: ; ImmutableOopMap {[208]=Oop [216]=Oop [232]=Oop [240]=Oop [256]=Oop }
                      ;*invokevirtual getSingleton {reexecute=0 rethrow=0 return_oop=0}
                      ; - org.springframework.beans.factory.support.DefaultSingletonBeanRegistry::getSingleton@3 (line 168)
                      ; - org.springframework.beans.factory.support.AbstractBeanFactory::doGetBean@10 (line 248)
  0x000001dc532243c0: 1c29 fcff 

  0x000001dc532243c4: ;   {post_call_nop}
  0x000001dc532243c4: 0f1f 8400 | 3c08 0003 | 4885 c00f | 8411 0000 | 0048 8bbc | 24d8 0000 | 0048 85ff | 0f84 dc0b 
  0x000001dc532243e4: 0000 4c8b | 8424 0001 | 0000 488b | 9424 d000 

  0x000001dc532243f4: ;   {optimized virtual_call}
  0x000001dc532243f4: 0000 90e8 

  0x000001dc532243f8: ; ImmutableOopMap {[208]=Oop [216]=Oop [232]=Oop [240]=Oop [256]=Oop }
                      ;*invokevirtual isPrototypeCurrentlyInCreation {reexecute=0 rethrow=0 return_oop=0}
                      ; - org.springframework.beans.factory.support.AbstractBeanFactory::doGetBean@98 (line 265)
  0x000001dc532243f8: 640e 1700 

  0x000001dc532243fc: ;   {post_call_nop}
  0x000001dc532243fc: 0f1f 8400 | 7408 0004 | 85c0 0f85 | dd16 0000 | 488b 9424 | d000 0000 | 8b72 4848 | 89b4 2408 
  0x000001dc5322441c: 0100 0048 | 85f6 0f84 | 4700 0000 | 488b 8424 | 0001 0000 | 4885 c00f | 841b 1600 | 008b babc 
  0x000001dc5322443c: 0000 004c | 8bc0 488b | d748 8984 | 2400 0100 | 0048 b808 | f441 46dc 

  0x000001dc53224454: ;   {virtual_call}
  0x000001dc53224454: 0100 00e8 

  0x000001dc53224458: ; ImmutableOopMap {[208]=Oop [216]=Oop [232]=Oop [240]=Oop [256]=Oop [264]=Oop }
                      ;*invokeinterface containsKey {reexecute=0 rethrow=0 return_oop=0}
                      ; - org.springframework.beans.factory.support.DefaultListableBeanFactory::containsBeanDefinition@11 (line 367)
                      ; - org.springframework.beans.factory.support.AbstractBeanFactory::doGetBean@128 (line 271)
  0x000001dc53224458: 04a9 a3ff 

  0x000001dc5322445c: ;   {post_call_nop}
  0x000001dc5322445c: 0f1f 8400 | d408 0005 | 83e0 0185 | c00f 8444 | 0a00 008b | b424 e000 | 0000 85f6 | 0f85 1e00 
  0x000001dc5322447c: 0000 4c8b | 8424 0001 | 0000 488b | 9424 d000 

  0x000001dc5322448c: ;   {optimized virtual_call}
  0x000001dc5322448c: 0000 90e8 

  0x000001dc53224490: ; ImmutableOopMap {[208]=Oop [216]=Oop [232]=Oop [240]=Oop [256]=Oop }
                      ;*invokevirtual markBeanAsCreated {reexecute=0 rethrow=0 return_oop=0}
                      ; - org.springframework.beans.factory.support.AbstractBeanFactory::doGetBean@216 (line 291)
  0x000001dc53224490: 5921 0000 

  0x000001dc53224494: ;   {post_call_nop}
  0x000001dc53224494: 0f1f 8400 | 0c09 0006 | 4c8b 8c24 | e800 0000 | 488b 9424 | d000 0000 | 448b 4278 | 4d85 c00f 
  0x000001dc532244b4: 842a 0000 

  0x000001dc532244b8: ;   {metadata('org/springframework/core/metrics/DefaultApplicationStartup')}
  0x000001dc532244b8: 0048 b850 | 2f01 01dc | 0100 0041 | 8b58 0849 | ba00 0000 | 00dc 0100 | 0049 03da | 483b 4338 
  0x000001dc532244d8: 0f85 941b | 0000 e900 | 0000 0049 | 8bf0 493b | 004d 85c9 | 0f84 5b00 | 0000 4d85 | c90f 84c9 
  0x000001dc532244f8: ;   {oop(a 'java/lang/Class'{0x0000000085031158} = 'org/springframework/beans/factory/support/AbstractBeanFactory$$Lambda+0x000001dc01148d90')}
  0x000001dc532244f8: 1400 0049 | b858 1103 | 8500 0000 

  0x000001dc53224504: ;   {oop(a 'jdk/internal/misc/Unsafe'{0x0000000084ca9248})}
  0x000001dc53224504: 0048 ba48 | 92ca 8400 

  0x000001dc5322450c: ;   {optimized virtual_call}
  0x000001dc5322450c: 0000 00e8 

  0x000001dc53224510: ; ImmutableOopMap {[208]=Oop [216]=Oop [232]=Oop [240]=Oop [256]=Oop }
                      ;*invokevirtual allocateInstance {reexecute=0 rethrow=0 return_oop=0}
                      ; - java.lang.invoke.DirectMethodHandle::allocateInstance@12 (line 506)
                      ; - java.lang.invoke.DirectMethodHandle$Holder::newInvokeSpecial@1
                      ; - java.lang.invoke.Invokers$Holder::linkToTargetMethod@5
                      ; - org.springframework.beans.factory.support.AbstractBeanFactory::doGetBean@254 (line 298)
  0x000001dc53224510: 7c4f d7ff 

  0x000001dc53224514: ;   {post_call_nop}
  0x000001dc53224514: 0f1f 8400 | 8c09 0007 | 450f be47 | 4845 85c0 | 0f85 521b | 0000 4c8b | 8c24 e800 | 0000 4d8b 
  0x000001dc53224534: d144 8950 | 0c4c 8bc0 | 4d33 c149 | c1e8 1449 | 83f8 000f | 8550 1b00 | 004c 8b84 | 2400 0100 
  0x000001dc53224554: 0048 8b94 | 24d0 0000 

  0x000001dc5322455c: ;   {optimized virtual_call}
  0x000001dc5322455c: 0066 90e8 

  0x000001dc53224560: ; ImmutableOopMap {[208]=Oop [216]=Oop [232]=Oop [240]=Oop [256]=Oop }
                      ;*invokevirtual getMergedLocalBeanDefinition {reexecute=0 rethrow=0 return_oop=0}
                      ; - org.springframework.beans.factory.support.AbstractBeanFactory::doGetBean@268 (line 300)
  0x000001dc53224560: 7c39 0800 

  0x000001dc53224564: ;   {post_call_nop}
  0x000001dc53224564: 0f1f 8400 | dc09 0008 | 4889 8424 | 2801 0000 

  0x000001dc53224574: ; implicit exception: dispatches to 0x000001dc532260b5
  0x000001dc53224574: 440f be40 | 2041 83e0 | 0145 85c0 | 0f85 9613 | 0000 8b70 | 3448 89b4 | 2420 0100 | 0048 85f6 
  0x000001dc53224594: 0f84 e101 | 0000 8b5e | 0c89 9c24 | 1801 0000 | b900 0000 | 00e9 a501 | 0000 6690 | 4c63 c146 
  0x000001dc532245b4: 8b6c 8610 | 448b 723c | 4c8d 8424 | 3802 0000 | 488b f84d | 8970 0849 | 8b06 458b | 8f58 0600 
  0x000001dc532245d4: 0041 81f9 | a806 0000 | 0f8d e21a | 0000 4f3b | 740f f80f | 8425 0000 | 00a8 020f | 85cf 1a00 
  0x000001dc532245f4: 004c 8bc8 | 4983 e1fe | 4883 c801 | f04d 0fb1 | 0e0f 85b9 | 1a00 0045 | 8b8f 5806 | 0000 4f89 
  0x000001dc53224614: 340f 4183 | c108 4589 | 8f58 0600 | 004c 8bc7 | 4d8b cd48 | 89bc 2400 

  0x000001dc5322462c: ;   {oop(nullptr)}
  0x000001dc5322462c: 0100 0048 | bf00 0000 | 0000 0000 | 0048 8b94 | 24d0 0000 | 004c 89b4 | 2430 0100 | 0089 8c24 
  0x000001dc5322464c: e400 0000 | 4c89 ac24 | 1001 0000 | 0f1f 8000 

  0x000001dc5322465c: ;   {optimized virtual_call}
  0x000001dc5322465c: 0000 00e8 

  0x000001dc53224660: ; ImmutableOopMap {[208]=Oop [216]=Oop [232]=Oop [240]=Oop [256]=Oop [272]=Oop [288]=Oop [296]=Oop [304]=Oop [576]=Oop }
                      ;*invokevirtual isDependent {reexecute=0 rethrow=0 return_oop=0}
                      ; - org.springframework.beans.factory.support.DefaultSingletonBeanRegistry::isDependent@11 (line 440)
                      ; - org.springframework.beans.factory.support.AbstractBeanFactory::doGetBean@325 (line 307)
  0x000001dc53224660: 7023 0000 

  0x000001dc53224664: ;   {post_call_nop}
  0x000001dc53224664: 0f1f 8400 | dc0a 0009 | 4c8b c048 | 8d84 2438 | 0200 0048 | 8b50 0845 | 8b8f 5806 | 0000 4b3b 
  0x000001dc53224684: 540f f80f | 854a 1a00 | 0041 83af | 5806 0000 | 084b 3b54 | 0ff0 0f84 | 2a00 0000 | 488b 02a8 
  0x000001dc532246a4: 020f 8512 | 0000 004c | 8bc8 4983 | c901 f04c | 0fb1 0a0f | 840d 0000 | 0041 8387 | 5806 0000 
  0x000001dc532246c4: 08e9 0d1a | 0000 4183 | e001 4585 | c00f 854f | 0700 004c | 8b84 2410 | 0100 004c | 8b8c 2400 
  0x000001dc532246e4: 0100 0048 | 8b94 24d0 

  0x000001dc532246ec: ;   {optimized virtual_call}
  0x000001dc532246ec: 0000 00e8 

  0x000001dc532246f0: ; ImmutableOopMap {[208]=Oop [216]=Oop [232]=Oop [240]=Oop [256]=Oop [272]=Oop [288]=Oop [296]=Oop }
                      ;*invokevirtual registerDependentBean {reexecute=0 rethrow=0 return_oop=0}
                      ; - org.springframework.beans.factory.support.AbstractBeanFactory::doGetBean@360 (line 311)
  0x000001dc532246f0: 191f 0000 

  0x000001dc532246f4: ;   {post_call_nop}
  0x000001dc532246f4: 0f1f 8400 | 6c0b 000a | 4c8b 8424 | 1001 0000 

  0x000001dc53224704: ;   {oop(nullptr)}
  0x000001dc53224704: 49b9 0000 | 0000 0000 

  0x000001dc5322470c: ;   {oop(nullptr)}
  0x000001dc5322470c: 0000 48bf | 0000 0000 | 0000 0000 | be00 0000 | 0048 8b94 | 24d0 0000 

  0x000001dc53224724: ;   {optimized virtual_call}
  0x000001dc53224724: 0066 90e8 

  0x000001dc53224728: ; ImmutableOopMap {[208]=Oop [216]=Oop [232]=Oop [240]=Oop [256]=Oop [272]=Oop [288]=Oop [296]=Oop }
                      ;*invokevirtual doGetBean {reexecute=0 rethrow=0 return_oop=0}
                      ; - org.springframework.beans.factory.support.AbstractBeanFactory::getBean@5 (line 200)
                      ; - org.springframework.beans.factory.support.AbstractBeanFactory::doGetBean@366 (line 313)
  0x000001dc53224728: 74fb ffff 

  0x000001dc5322472c: ;   {post_call_nop}
  0x000001dc5322472c: 0f1f 8400 | a40b 000b | 8b8c 24e4 | 0000 00ff | c14d 8b57 

  0x000001dc53224740: ; ImmutableOopMap {[208]=Oop [216]=Oop [232]=Oop [240]=Oop [256]=Oop [272]=Oop [288]=Oop [296]=Oop }
                      ;*goto {reexecute=1 rethrow=0 return_oop=0}
                      ; - (reexecute) org.springframework.beans.factory.support.AbstractBeanFactory::doGetBean@451 (line 306)
                      ;   {poll}
  0x000001dc53224740: 3041 8502 | 8b9c 2418 | 0100 0048 | 8bb4 2420 | 0100 0048 | 8b84 2400 | 0100 0048 | 8b94 24d0 
  0x000001dc53224760: 0000 003b | cb0f 8c45 | feff ff48 | 8984 2400 | 0100 0048 | 8b84 2428 | 0100 0044 

  0x000001dc5322477c: ;   {oop("singleton"{0x0000000084c86908})}
  0x000001dc5322477c: 8b40 2c48 | ba08 69c8 | 8400 0000 | 0066 0f1f 

  0x000001dc5322478c: ;   {optimized virtual_call}
  0x000001dc5322478c: 4400 00e8 

  0x000001dc53224790: ; ImmutableOopMap {[208]=Oop [216]=Oop [232]=Oop [240]=Oop [256]=Oop [296]=Oop }
                      ;*invokevirtual equals {reexecute=0 rethrow=0 return_oop=0}
                      ; - org.springframework.beans.factory.support.AbstractBeanDefinition::isSingleton@7 (line 535)
                      ; - org.springframework.beans.factory.support.AbstractBeanFactory::doGetBean@456 (line 334)
  0x000001dc53224790: ac20 afff 

  0x000001dc53224794: ;   {post_call_nop}
  0x000001dc53224794: 0f1f 8400 | 0c0c 000d | 85c0 0f85 | 3d00 0000 | 488b 8424 | 2801 0000 | 448b 402c 

  0x000001dc532247b0: ;   {oop(""{0x00000000ffe027c8})}
  0x000001dc532247b0: 48ba c827 | e0ff 0000 | 0000 0f1f 

  0x000001dc532247bc: ;   {optimized virtual_call}
  0x000001dc532247bc: 4400 00e8 

  0x000001dc532247c0: ; ImmutableOopMap {[208]=Oop [216]=Oop [232]=Oop [240]=Oop [256]=Oop [296]=Oop }
                      ;*invokevirtual equals {reexecute=0 rethrow=0 return_oop=0}
                      ; - org.springframework.beans.factory.support.AbstractBeanDefinition::isSingleton@19 (line 535)
                      ; - org.springframework.beans.factory.support.AbstractBeanFactory::doGetBean@456 (line 334)
  0x000001dc532247c0: 9ca2 a3ff 

  0x000001dc532247c4: ;   {post_call_nop}
  0x000001dc532247c4: 0f1f 8400 | 3c0c 000e | 85c0 41b8 | 0000 0000 | 7406 41b8 | 0100 0000 | e906 0000 | 0041 b801 
  0x000001dc532247e4: 0000 0041 | 83e0 0145 | 85c0 0f84 | e501 0000 

  0x000001dc532247f4: ;   {oop(a 'java/lang/Class'{0x0000000084c91618} = 'org/springframework/beans/factory/support/AbstractBeanFactory$$Lambda+0x000001dc01149200')}
  0x000001dc532247f4: 49b8 1816 | c984 0000 

  0x000001dc532247fc: ;   {oop(a 'jdk/internal/misc/Unsafe'{0x0000000084ca9248})}
  0x000001dc532247fc: 0000 48ba | 4892 ca84 | 0000 0000 | 0f1f 8000 

  0x000001dc5322480c: ;   {optimized virtual_call}
  0x000001dc5322480c: 0000 00e8 

  0x000001dc53224810: ; ImmutableOopMap {[208]=Oop [216]=Oop [232]=Oop [240]=Oop [256]=Oop [296]=Oop }
                      ;*invokevirtual allocateInstance {reexecute=0 rethrow=0 return_oop=0}
                      ; - java.lang.invoke.DirectMethodHandle::allocateInstance@12 (line 506)
                      ; - java.lang.invoke.LambdaForm$DMH/0x000001dc01034400::newInvokeSpecial@1
                      ; - java.lang.invoke.Invokers$Holder::linkToTargetMethod@9
                      ; - org.springframework.beans.factory.support.AbstractBeanFactory::doGetBean@471 (line 335)
  0x000001dc53224810: 7c4c d7ff 

  0x000001dc53224814: ;   {post_call_nop}
  0x000001dc53224814: 0f1f 8400 | 8c0c 000f | 450f be47 | 4845 85c0 | 0f85 c318 | 0000 488b | 9424 d000 | 0000 4c8b 
  0x000001dc53224834: d244 8950 | 0c4c 8bc0 | 4c33 c249 | c1e8 1449 | 83f8 000f | 85c1 1800 | 0045 0fbe | 4748 4585 
  0x000001dc53224854: c00f 85cb | 1800 0048 | 8bb4 2400 | 0100 004c | 8bd6 4489 | 5010 4c8b | c04c 33c6 | 49c1 e814 
  0x000001dc53224874: 4983 f800 | 0f85 c418 | 0000 450f | be47 4845 | 85c0 0f85 | ce18 0000 | 488b bc24 | 2801 0000 
  0x000001dc53224894: 4c8b d744 | 8950 144c | 8bc0 4c33 | c749 c1e8 | 1449 83f8 | 000f 85c7 | 1800 0045 | 0fbe 4748 
  0x000001dc532248b4: 4585 c00f | 85d1 1800 | 0048 8b9c | 24d8 0000 | 004c 8bd3 | 4489 5018 | 4c8b c04c | 33c3 49c1 
  0x000001dc532248d4: e814 4983 | f800 0f85 | ca18 0000 | 4c8b c64c | 8bc8 488b | da48 8bd3 | 4889 b424 | 0001 0000 
  0x000001dc532248f4: ;   {optimized virtual_call}
  0x000001dc532248f4: 6666 90e8 

  0x000001dc532248f8: ; ImmutableOopMap {[208]=Oop [232]=Oop [240]=Oop [256]=Oop [296]=Oop }
                      ;*invokevirtual getSingleton {reexecute=0 rethrow=0 return_oop=0}
                      ; - org.springframework.beans.factory.support.AbstractBeanFactory::doGetBean@476 (line 335)
  0x000001dc532248f8: 311d 0000 

  0x000001dc532248fc: ;   {post_call_nop}
  0x000001dc532248fc: 0f1f 8400 | 740d 0010 | 488b 9424 | d000 0000 | 8bb2 9800 | 0000 483b | 064d 8b87 | 9003 0000 
  0x000001dc5322491c: 4d8b 0048 | 8bd6 4889 | 8424 3801 | 0000 0f1f 

  0x000001dc5322492c: ;   {optimized virtual_call}
  0x000001dc5322492c: 4400 00e8 

  0x000001dc53224930: ; ImmutableOopMap {[208]=Oop [232]=Oop [240]=Oop [256]=Oop [296]=Oop [312]=Oop }
                      ;*invokevirtual get {reexecute=0 rethrow=0 return_oop=0}
                      ; - java.lang.ThreadLocal::get@4 (line 171)
                      ; - org.springframework.beans.factory.support.AbstractAutowireCapableBeanFactory::getObjectForBeanInstance@4 (line 1273)
                      ; - org.springframework.beans.factory.support.AbstractBeanFactory::doGetBean@489 (line 347)
  0x000001dc53224930: ac73 cfff 

  0x000001dc53224934: ;   {post_call_nop}
  0x000001dc53224934: 0f1f 8400 | ac0d 0011 | 4885 c00f | 8429 0000 

  0x000001dc53224944: ;   {metadata('java/lang/String')}
  0x000001dc53224944: 0048 be48 | ae16 00dc | 0100 0044 | 8b40 0849 | ba00 0000 | 00dc 0100 | 004d 03c2 | 493b f00f 
  0x000001dc53224964: 855e 1800 | 00e9 0000 | 0000 4c8b | c84d 85c9 | 0f84 2200 | 0000 4c8b | 8424 0001 | 0000 488b 
  0x000001dc53224984: 9424 d000 | 0000 0f1f 

  0x000001dc5322498c: ;   {optimized virtual_call}
  0x000001dc5322498c: 4400 00e8 

  0x000001dc53224990: ; ImmutableOopMap {[208]=Oop [232]=Oop [240]=Oop [256]=Oop [296]=Oop [312]=Oop }
                      ;*invokevirtual registerDependentBean {reexecute=0 rethrow=0 return_oop=0}
                      ; - org.springframework.beans.factory.support.AbstractAutowireCapableBeanFactory::getObjectForBeanInstance@21 (line 1275)
                      ; - org.springframework.beans.factory.support.AbstractBeanFactory::doGetBean@489 (line 347)
  0x000001dc53224990: cca0 a3ff 

  0x000001dc53224994: ;   {post_call_nop}
  0x000001dc53224994: 0f1f 8400 | 0c0e 0012 | 488b 8424 | 3801 0000 | 4c8b c04c | 8b8c 24f0 | 0000 0048 | 8bbc 2400 
  0x000001dc532249b4: 0100 0048 | 8bb4 2428 | 0100 0048 | 8b94 24d0 

  0x000001dc532249c4: ;   {optimized virtual_call}
  0x000001dc532249c4: 0000 00e8 

  0x000001dc532249c8: ; ImmutableOopMap {[208]=Oop [232]=Oop [240]=Oop [256]=Oop }
                      ;*invokespecial getObjectForBeanInstance {reexecute=0 rethrow=0 return_oop=0}
                      ; - org.springframework.beans.factory.support.AbstractAutowireCapableBeanFactory::getObjectForBeanInstance@30 (line 1278)
                      ; - org.springframework.beans.factory.support.AbstractBeanFactory::doGetBean@489 (line 347)
  0x000001dc532249c8: 14b1 ffff 

  0x000001dc532249cc: ;   {post_call_nop}
  0x000001dc532249cc: 0f1f 8400 | 440e 0013 | e9b3 0300 | 0048 8b84 | 2428 0100 | 0044 8b40 

  0x000001dc532249e4: ;   {oop("prototype"{0x0000000084c868d0})}
  0x000001dc532249e4: 2c48 bad0 | 68c8 8400 

  0x000001dc532249ec: ;   {optimized virtual_call}
  0x000001dc532249ec: 0000 00e8 

  0x000001dc532249f0: ; ImmutableOopMap {[208]=Oop [216]=Oop [232]=Oop [240]=Oop [256]=Oop [296]=Oop }
                      ;*invokevirtual equals {reexecute=0 rethrow=0 return_oop=0}
                      ; - org.springframework.beans.factory.support.AbstractBeanDefinition::isPrototype@7 (line 545)
                      ; - org.springframework.beans.factory.support.AbstractBeanFactory::doGetBean@499 (line 350)
  0x000001dc532249f0: 6ca0 a3ff 

  0x000001dc532249f4: ;   {post_call_nop}
  0x000001dc532249f4: 0f1f 8400 | 6c0e 0014 | 83e0 0185 | c00f 844a | 0100 0048 | 8b94 24d0 | 0000 004c | 8b84 2400 
  0x000001dc53224a14: 0100 0048 | 8bf2 488b 

  0x000001dc53224a1c: ;   {optimized virtual_call}
  0x000001dc53224a1c: d666 90e8 

  0x000001dc53224a20: ; ImmutableOopMap {[208]=Oop [216]=Oop [232]=Oop [240]=Oop [256]=Oop [296]=Oop }
                      ;*invokevirtual beforePrototypeCreation {reexecute=0 rethrow=0 return_oop=0}
                      ; - org.springframework.beans.factory.support.AbstractBeanFactory::doGetBean@511 (line 354)
  0x000001dc53224a20: 3ca0 a3ff 

  0x000001dc53224a24: ;   {post_call_nop}
  0x000001dc53224a24: 0f1f 8400 | 9c0e 0015 | 4c8b 8424 | 0001 0000 | 4c8b 8c24 | 2801 0000 | 488b bc24 | d800 0000 
  0x000001dc53224a44: 488b 9424 | d000 0000 

  0x000001dc53224a4c: ;   {optimized virtual_call}
  0x000001dc53224a4c: 6666 90e8 

  0x000001dc53224a50: ; ImmutableOopMap {[208]=Oop [232]=Oop [240]=Oop [256]=Oop [296]=Oop }
                      ;*invokevirtual createBean {reexecute=0 rethrow=0 return_oop=0}
                      ; - org.springframework.beans.factory.support.AbstractBeanFactory::doGetBean@520 (line 355)
  0x000001dc53224a50: 0ca0 a3ff 

  0x000001dc53224a54: ;   {post_call_nop}
  0x000001dc53224a54: 0f1f 8400 | cc0e 0016 | 4c8b 8424 | 0001 0000 | 488b 9424 | d000 0000 | 4889 8424 | 4001 0000 
  0x000001dc53224a74: ;   {optimized virtual_call}
  0x000001dc53224a74: 6666 90e8 

  0x000001dc53224a78: ; ImmutableOopMap {[208]=Oop [232]=Oop [240]=Oop [256]=Oop [296]=Oop [320]=Oop }
                      ;*invokevirtual afterPrototypeCreation {reexecute=0 rethrow=0 return_oop=0}
                      ; - org.springframework.beans.factory.support.AbstractBeanFactory::doGetBean@528 (line 358)
  0x000001dc53224a78: e49f a3ff 

  0x000001dc53224a7c: ;   {post_call_nop}
  0x000001dc53224a7c: 0f1f 8400 | f40e 0017 | 488b 9424 | d000 0000 | 8bb2 9800 | 0000 483b | 064d 8b87 | 9003 0000 
  0x000001dc53224a9c: 4d8b 0048 | 8bd6 0f1f 

  0x000001dc53224aa4: ;   {optimized virtual_call}
  0x000001dc53224aa4: 4400 00e8 

  0x000001dc53224aa8: ; ImmutableOopMap {[208]=Oop [232]=Oop [240]=Oop [256]=Oop [296]=Oop [320]=Oop }
                      ;*invokevirtual get {reexecute=0 rethrow=0 return_oop=0}
                      ; - java.lang.ThreadLocal::get@4 (line 171)
                      ; - org.springframework.beans.factory.support.AbstractAutowireCapableBeanFactory::getObjectForBeanInstance@4 (line 1273)
                      ; - org.springframework.beans.factory.support.AbstractBeanFactory::doGetBean@553 (line 360)
  0x000001dc53224aa8: b49f a3ff 

  0x000001dc53224aac: ;   {post_call_nop}
  0x000001dc53224aac: 0f1f 8400 | 240f 0018 | 4885 c00f | 8429 0000 

  0x000001dc53224abc: ;   {metadata('java/lang/String')}
  0x000001dc53224abc: 0048 be48 | ae16 00dc | 0100 0044 | 8b40 0849 | ba00 0000 | 00dc 0100 | 004d 03c2 | 493b f00f 
  0x000001dc53224adc: 85f4 1600 | 00e9 0000 | 0000 4c8b | c84d 85c9 | 0f84 2200 | 0000 4c8b | 8424 0001 | 0000 488b 
  0x000001dc53224afc: 9424 d000 | 0000 0f1f 

  0x000001dc53224b04: ;   {optimized virtual_call}
  0x000001dc53224b04: 4400 00e8 

  0x000001dc53224b08: ; ImmutableOopMap {[208]=Oop [232]=Oop [240]=Oop [256]=Oop [296]=Oop [320]=Oop }
                      ;*invokevirtual registerDependentBean {reexecute=0 rethrow=0 return_oop=0}
                      ; - org.springframework.beans.factory.support.AbstractAutowireCapableBeanFactory::getObjectForBeanInstance@21 (line 1275)
                      ; - org.springframework.beans.factory.support.AbstractBeanFactory::doGetBean@553 (line 360)
  0x000001dc53224b08: 549f a3ff 

  0x000001dc53224b0c: ;   {post_call_nop}
  0x000001dc53224b0c: 0f1f 8400 | 840f 0019 | 488b 8424 | 4001 0000 | 4c8b c04c | 8b8c 24f0 | 0000 0048 | 8bbc 2400 
  0x000001dc53224b2c: 0100 0048 | 8bb4 2428 | 0100 0048 | 8b94 24d0 

  0x000001dc53224b3c: ;   {optimized virtual_call}
  0x000001dc53224b3c: 0000 00e8 

  0x000001dc53224b40: ; ImmutableOopMap {[208]=Oop [232]=Oop [240]=Oop [256]=Oop }
                      ;*invokespecial getObjectForBeanInstance {reexecute=0 rethrow=0 return_oop=0}
                      ; - org.springframework.beans.factory.support.AbstractAutowireCapableBeanFactory::getObjectForBeanInstance@30 (line 1278)
                      ; - org.springframework.beans.factory.support.AbstractBeanFactory::doGetBean@553 (line 360)
  0x000001dc53224b40: 1c9f a3ff 

  0x000001dc53224b44: ;   {post_call_nop}
  0x000001dc53224b44: 0f1f 8400 | bc0f 001a | e93b 0200 | 0048 8b84 | 2428 0100 | 008b 702c | 4885 f60f | 8433 0000 
  0x000001dc53224b64: 0044 8b46 | 1445 8b40 | 0c45 85c0 | 41b8 0000 | 0000 7506 | 41b8 0100 | 0000 4183 | e001 4585 
  0x000001dc53224b84: c041 b800 | 0000 0075 | 0641 b801 | 0000 00e9 | 0600 0000 | 41b8 0000 | 0000 4183 | e001 4585 
  0x000001dc53224ba4: c00f 84b9 | 0c00 0048 | 8b94 24d0 | 0000 008b | 7a74 4c8b | c648 8bd7 | 4889 b424 | 4801 0000 
  0x000001dc53224bc4: 9048 b830 | f441 46dc 

  0x000001dc53224bcc: ;   {virtual_call}
  0x000001dc53224bcc: 0100 00e8 

  0x000001dc53224bd0: ; ImmutableOopMap {[208]=Oop [216]=Oop [232]=Oop [240]=Oop [256]=Oop [296]=Oop [328]=Oop }
                      ;*invokeinterface get {reexecute=0 rethrow=0 return_oop=0}
                      ; - org.springframework.beans.factory.support.AbstractBeanFactory::doGetBean@597 (line 368)
  0x000001dc53224bd0: 8ca1 a3ff 

  0x000001dc53224bd4: ;   {post_call_nop}
  0x000001dc53224bd4: 0f1f 8400 | 4c10 001b | 4885 c00f | 8449 0000 

  0x000001dc53224be4: ;   {metadata('org/springframework/beans/factory/config/Scope')}
  0x000001dc53224be4: 0049 b940 | 6986 41dc | 0100 0044 | 8b40 0849 | ba00 0000 | 00dc 0100 | 004d 03c2 | 4d3b 4820 
  0x000001dc53224c04: 0f84 2400 | 0000 4d3b | c10f 841b | 0000 0041 

  0x000001dc53224c14: ;   {runtime_call C1 Runtime slow_subtype_check_blob}
  0x000001dc53224c14: 5041 51e8 | 245e aeff | 4158 4158 | 4585 c00f | 84bf 1500 | 00e9 0000 | 0000 488b | d848 85db 
  0x000001dc53224c34: 0f84 720b | 0000 4889 | 9c24 5001 | 0000 488b | 9424 d000 | 0000 660f | 1f44 0000 

  0x000001dc53224c50: ;   {no_reloc}
  0x000001dc53224c50: e9ab 1500 | 0090 9090 | 9090 488b | c248 8bd0 | 4c8b 8424 | 0001 0000 | 4c8b 8c24 | 2801 0000 
  0x000001dc53224c70: 488b bc24 | d800 0000 | 0f1f 8000 

  0x000001dc53224c7c: ;   {static_call}
  0x000001dc53224c7c: 0000 00e8 

  0x000001dc53224c80: ; ImmutableOopMap {[208]=Oop [232]=Oop [240]=Oop [256]=Oop [296]=Oop [328]=Oop [336]=Oop }
                      ;*invokedynamic {reexecute=0 rethrow=0 return_oop=0}
                      ; - org.springframework.beans.factory.support.AbstractBeanFactory::doGetBean@637 (line 373)
  0x000001dc53224c80: dca3 a3ff 

  0x000001dc53224c84: ;   {post_call_nop}
  0x000001dc53224c84: 0f1f 8400 | fc10 001c | 4c8b 8424 | 0001 0000 | 4c8b c848 | 8b94 2450 | 0100 0066 | 0f1f 4400 
  0x000001dc53224ca4: 0048 b858 | f441 46dc 

  0x000001dc53224cac: ;   {virtual_call}
  0x000001dc53224cac: 0100 00e8 

  0x000001dc53224cb0: ; ImmutableOopMap {[208]=Oop [232]=Oop [240]=Oop [256]=Oop [296]=Oop [328]=Oop }
                      ;*invokeinterface get {reexecute=0 rethrow=0 return_oop=0}
                      ; - org.springframework.beans.factory.support.AbstractBeanFactory::doGetBean@642 (line 373)
  0x000001dc53224cb0: aca0 a3ff 

  0x000001dc53224cb4: ;   {post_call_nop}
  0x000001dc53224cb4: 0f1f 8400 | 2c11 001d | 488b 9424 | d000 0000 | 8bb2 9800 | 0000 483b | 064d 8b87 | 9003 0000 
  0x000001dc53224cd4: 4d8b 0048 | 8bd6 4889 | 8424 5801 | 0000 0f1f 

  0x000001dc53224ce4: ;   {optimized virtual_call}
  0x000001dc53224ce4: 4400 00e8 

  0x000001dc53224ce8: ; ImmutableOopMap {[208]=Oop [232]=Oop [240]=Oop [256]=Oop [296]=Oop [328]=Oop [344]=Oop }
                      ;*invokevirtual get {reexecute=0 rethrow=0 return_oop=0}
                      ; - java.lang.ThreadLocal::get@4 (line 171)
                      ; - org.springframework.beans.factory.support.AbstractAutowireCapableBeanFactory::getObjectForBeanInstance@4 (line 1273)
                      ; - org.springframework.beans.factory.support.AbstractBeanFactory::doGetBean@657 (line 382)
  0x000001dc53224ce8: 749d a3ff 

  0x000001dc53224cec: ;   {post_call_nop}
  0x000001dc53224cec: 0f1f 8400 | 6411 001e | 4885 c00f | 8429 0000 

  0x000001dc53224cfc: ;   {metadata('java/lang/String')}
  0x000001dc53224cfc: 0048 be48 | ae16 00dc | 0100 0044 | 8b40 0849 | ba00 0000 | 00dc 0100 | 004d 03c2 | 493b f00f 
  0x000001dc53224d1c: 85ee 1400 | 00e9 0000 | 0000 4c8b | c84d 85c9 | 0f84 2200 | 0000 4c8b | 8424 0001 | 0000 488b 
  0x000001dc53224d3c: 9424 d000 | 0000 0f1f 

  0x000001dc53224d44: ;   {optimized virtual_call}
  0x000001dc53224d44: 4400 00e8 

  0x000001dc53224d48: ; ImmutableOopMap {[208]=Oop [232]=Oop [240]=Oop [256]=Oop [296]=Oop [328]=Oop [344]=Oop }
                      ;*invokevirtual registerDependentBean {reexecute=0 rethrow=0 return_oop=0}
                      ; - org.springframework.beans.factory.support.AbstractAutowireCapableBeanFactory::getObjectForBeanInstance@21 (line 1275)
                      ; - org.springframework.beans.factory.support.AbstractBeanFactory::doGetBean@657 (line 382)
  0x000001dc53224d48: 149d a3ff 

  0x000001dc53224d4c: ;   {post_call_nop}
  0x000001dc53224d4c: 0f1f 8400 | c411 001f | 488b 8424 | 5801 0000 | 4c8b c04c | 8b8c 24f0 | 0000 0048 | 8bbc 2400 
  0x000001dc53224d6c: 0100 0048 | 8bb4 2428 | 0100 0048 | 8b94 24d0 

  0x000001dc53224d7c: ;   {optimized virtual_call}
  0x000001dc53224d7c: 0000 00e8 

  0x000001dc53224d80: ; ImmutableOopMap {[208]=Oop [232]=Oop [240]=Oop [256]=Oop [328]=Oop }
                      ;*invokespecial getObjectForBeanInstance {reexecute=0 rethrow=0 return_oop=0}
                      ; - org.springframework.beans.factory.support.AbstractAutowireCapableBeanFactory::getObjectForBeanInstance@30 (line 1278)
                      ; - org.springframework.beans.factory.support.AbstractBeanFactory::doGetBean@657 (line 382)
  0x000001dc53224d80: dc9c a3ff 

  0x000001dc53224d84: ;   {post_call_nop}
  0x000001dc53224d84: 0f1f 8400 | fc11 0020 | 488b 9424 | d000 0000 | 440f be42 | 1541 83e0 | 0145 85c0 | 0f85 6607 
  0x000001dc53224da4: 0000 4889 | 8424 6001 | 0000 8b72 | 7c4c 8b84 | 2400 0100 | 0048 8bd6 | 9048 b880 | f441 46dc 
  0x000001dc53224dc4: ;   {virtual_call}
  0x000001dc53224dc4: 0100 00e8 

  0x000001dc53224dc8: ; ImmutableOopMap {[208]=Oop [232]=Oop [240]=Oop [256]=Oop [352]=Oop }
                      ;*invokeinterface get {reexecute=0 rethrow=0 return_oop=0}
                      ; - org.springframework.beans.factory.support.AbstractBeanFactory::clearMergedBeanDefinition@5 (line 1508)
                      ; - org.springframework.beans.factory.support.DefaultListableBeanFactory::clearMergedBeanDefinition@2 (line 910)
                      ; - org.springframework.beans.factory.support.AbstractBeanFactory::doGetBean@698 (line 398)
  0x000001dc53224dc8: 949f a3ff 

  0x000001dc53224dcc: ;   {post_call_nop}
  0x000001dc53224dcc: 0f1f 8400 | 4412 0021 | 4885 c00f | 8429 0000 

  0x000001dc53224ddc: ;   {metadata('org/springframework/beans/factory/support/RootBeanDefinition')}
  0x000001dc53224ddc: 0048 baf0 | 430f 01dc | 0100 008b | 7808 49ba | 0000 0000 | dc01 0000 | 4903 fa48 | 3b57 500f 
  0x000001dc53224dfc: 8517 1400 | 00e9 0000 | 0000 488b | d048 85d2 | 0f84 bd06 | 0000 be01 | 0000 0040 | 8872 64f0 
  0x000001dc53224e1c: 8344 24c0 | 00e9 a906 | 0000 488b | 8424 2801 

  0x000001dc53224e2c: ;   {metadata('org/springframework/beans/factory/BeanCreationException')}
  0x000001dc53224e2c: 0000 48ba | 3014 0f01 | dc01 0000 | 488b d880 | ba40 0100 | 0004 0f85 | e313 0000 | 498b 87c8 
  0x000001dc53224e4c: 0100 0048 | 8d78 3049 | 3bbf d801 | 0000 0f87 | cb13 0000 | 4989 bfc8 | 0100 0048 | c700 0100 
  0x000001dc53224e6c: 0000 488b | ca49 ba00 | 0000 00dc | 0100 0049 | 2bca 8948 | 0848 33c9 | 8948 0c48 | 33c9 4889 
  0x000001dc53224e8c: 4810 4889 | 4818 4889 | 4820 4889 | 4828 4889 | 8424 d001 | 0000 8b73 | 6048 85f6 | 0f84 7b08 
  0x000001dc53224eac: 0000 e951 | 0800 004c | 8b84 24f0 | 0000 0049 

  0x000001dc53224ebc: ;   {static_call}
  0x000001dc53224ebc: 8bd0 90e8 

  0x000001dc53224ec0: ; ImmutableOopMap {[208]=Oop [216]=Oop [232]=Oop [240]=Oop [264]=Oop }
                      ;*invokestatic transformedBeanName {reexecute=0 rethrow=0 return_oop=0}
                      ; - org.springframework.beans.factory.support.AbstractBeanFactory::transformedBeanName@2 (line 1277)
                      ; - org.springframework.beans.factory.support.AbstractBeanFactory::originalBeanName@2 (line 1286)
                      ; - org.springframework.beans.factory.support.AbstractBeanFactory::doGetBean@136 (line 273)
  0x000001dc53224ec0: 9ca1 a3ff 

  0x000001dc53224ec4: ;   {post_call_nop}
  0x000001dc53224ec4: 0f1f 8400 | 3c13 0022 | 4c8b c048 | 8b94 24d0 

  0x000001dc53224ed4: ;   {optimized virtual_call}
  0x000001dc53224ed4: 0000 00e8 

  0x000001dc53224ed8: ; ImmutableOopMap {[216]=Oop [232]=Oop [240]=Oop [264]=Oop }
                      ;*invokevirtual canonicalName {reexecute=0 rethrow=0 return_oop=0}
                      ; - org.springframework.beans.factory.support.AbstractBeanFactory::transformedBeanName@5 (line 1277)
                      ; - org.springframework.beans.factory.support.AbstractBeanFactory::originalBeanName@2 (line 1286)
                      ; - org.springframework.beans.factory.support.AbstractBeanFactory::doGetBean@136 (line 273)
  0x000001dc53224ed8: 849b a3ff 

  0x000001dc53224edc: ;   {post_call_nop}
  0x000001dc53224edc: 0f1f 8400 | 5413 0023 | 4c8b 8424 | f000 0000 

  0x000001dc53224eec: ; implicit exception: dispatches to 0x000001dc53226238
  0x000001dc53224eec: 493b 0049 

  0x000001dc53224ef0: ;   {oop("&"{0x0000000084c8cbe8})}
  0x000001dc53224ef0: 8bf0 49b8 | e8cb c884 | 0000 0000 | 41b9 0000 | 0000 488b | d648 8984 | 2468 0100 

  0x000001dc53224f0c: ;   {optimized virtual_call}
  0x000001dc53224f0c: 0066 90e8 

  0x000001dc53224f10: ; ImmutableOopMap {[216]=Oop [232]=Oop [264]=Oop [360]=Oop }
                      ;*invokevirtual startsWith {reexecute=0 rethrow=0 return_oop=0}
                      ; - java.lang.String::startsWith@3 (line 2403)
                      ; - org.springframework.beans.factory.support.AbstractBeanFactory::originalBeanName@10 (line 1287)
                      ; - org.springframework.beans.factory.support.AbstractBeanFactory::doGetBean@136 (line 273)
  0x000001dc53224f10: 4c9b a3ff 

  0x000001dc53224f14: ;   {post_call_nop}
  0x000001dc53224f14: 0f1f 8400 | 8c13 0024 | 83e0 0185 | c048 8b84 | 2468 0100 | 000f 841d | 0000 0090 

  0x000001dc53224f30: ;   {no_reloc}
  0x000001dc53224f30: e917 1300 | 0090 9090 | 9090 488b 

  0x000001dc53224f3c: ;   {static_call}
  0x000001dc53224f3c: d066 90e8 

  0x000001dc53224f40: ; ImmutableOopMap {[216]=Oop [232]=Oop [264]=Oop }
                      ;*invokedynamic {reexecute=0 rethrow=0 return_oop=0}
                      ; - org.springframework.beans.factory.support.AbstractBeanFactory::originalBeanName@17 (line 1288)
                      ; - org.springframework.beans.factory.support.AbstractBeanFactory::doGetBean@136 (line 273)
  0x000001dc53224f40: 1ca1 a3ff 

  0x000001dc53224f44: ;   {post_call_nop}
  0x000001dc53224f44: 0f1f 8400 | bc13 0025 | 488b b424 | 0801 0000 | 4885 f60f | 8429 0000 

  0x000001dc53224f5c: ;   {metadata('org/springframework/beans/factory/support/AbstractBeanFactory')}
  0x000001dc53224f5c: 0048 b9a0 | f089 41dc | 0100 008b | 5e08 49ba | 0000 0000 | dc01 0000 | 4903 da48 | 3b4b 500f 
  0x000001dc53224f7c: 8505 0000 | 00e9 0500 | 0000 4833 | d2eb 05ba | 0100 0000 | 85d2 488b | bc24 d800 | 0000 0f85 
  0x000001dc53224f9c: bf04 0000 | 4885 ff0f | 857e 0400 | 004c 8b8c | 24e8 0000 | 004d 85c9 | 4c8b c00f | 843a 0400 
  0x000001dc53224fbc: 00e9 ff03 | 0000 4889 | 8424 7001 | 0000 488b | 9424 d000 | 0000 8b72 | 0c48 8bd6 | 0f1f 4400 
  0x000001dc53224fdc: 0048 b8a8 | f441 46dc 

  0x000001dc53224fe4: ;   {virtual_call}
  0x000001dc53224fe4: 0100 00e8 

  0x000001dc53224fe8: ; ImmutableOopMap {[208]=Oop [232]=Oop [240]=Oop [256]=Oop [368]=Oop }
                      ;*invokeinterface isTraceEnabled {reexecute=0 rethrow=0 return_oop=0}
                      ; - org.springframework.beans.factory.support.AbstractBeanFactory::doGetBean@28 (line 250)
  0x000001dc53224fe8: 46e8 e5ff 

  0x000001dc53224fec: ;   {post_call_nop}
  0x000001dc53224fec: 0f1f 8400 | 6414 0026 | 85c0 0f84 | 0001 0000 | 488b 9424 | d000 0000 | 8b72 284c | 8b84 2400 
  0x000001dc5322500c: 0100 0048 | 8bd6 6666 | 9048 b8d0 | f441 46dc 

  0x000001dc5322501c: ;   {virtual_call}
  0x000001dc5322501c: 0100 00e8 

  0x000001dc53225020: ; ImmutableOopMap {[208]=Oop [232]=Oop [240]=Oop [256]=Oop [368]=Oop }
                      ;*invokeinterface contains {reexecute=0 rethrow=0 return_oop=0}
                      ; - org.springframework.beans.factory.support.DefaultSingletonBeanRegistry::isSingletonCurrentlyInCreation@5 (line 344)
                      ; - org.springframework.beans.factory.support.AbstractBeanFactory::doGetBean@39 (line 251)
  0x000001dc53225020: 3c9d a3ff 

  0x000001dc53225024: ;   {post_call_nop}
  0x000001dc53225024: 0f1f 8400 | 9c14 0027 | 83e0 0185 | c048 8b94 | 24d0 0000 | 000f 8462 | 0000 008b | 720c 660f 
  0x000001dc53225044: 1f44 0000 

  0x000001dc53225048: ;   {no_reloc}
  0x000001dc53225048: e918 1200 | 0090 9090 | 9090 488b | 9424 0001 | 0000 4889 | b424 7801 | 0000 0f1f 

  0x000001dc53225064: ;   {static_call}
  0x000001dc53225064: 4400 00e8 

  0x000001dc53225068: ; ImmutableOopMap {[208]=Oop [232]=Oop [240]=Oop [256]=Oop [368]=Oop [376]=Oop }
                      ;*invokedynamic {reexecute=0 rethrow=0 return_oop=0}
                      ; - org.springframework.beans.factory.support.AbstractBeanFactory::doGetBean@51 (line 252)
  0x000001dc53225068: f49f a3ff 

  0x000001dc5322506c: ;   {post_call_nop}
  0x000001dc5322506c: 0f1f 8400 | e414 0028 | 4c8b c048 | 8b94 2478 | 0100 0066 | 0f1f 4400 | 0048 b8f8 | f441 46dc 
  0x000001dc5322508c: ;   {virtual_call}
  0x000001dc5322508c: 0100 00e8 

  0x000001dc53225090: ; ImmutableOopMap {[208]=Oop [232]=Oop [240]=Oop [256]=Oop [368]=Oop }
                      ;*invokeinterface trace {reexecute=0 rethrow=0 return_oop=0}
                      ; - org.springframework.beans.factory.support.AbstractBeanFactory::doGetBean@56 (line 252)
  0x000001dc53225090: cc9c a3ff 

  0x000001dc53225094: ;   {post_call_nop}
  0x000001dc53225094: 0f1f 8400 | 0c15 0029 | e95b 0000 | 008b 720c | 0f1f 4000 

  0x000001dc532250a8: ;   {no_reloc}
  0x000001dc532250a8: e9d1 1100 | 0090 9090 | 9090 488b | 9424 0001 | 0000 4889 | b424 8001 | 0000 0f1f 

  0x000001dc532250c4: ;   {static_call}
  0x000001dc532250c4: 4400 00e8 

  0x000001dc532250c8: ; ImmutableOopMap {[208]=Oop [232]=Oop [240]=Oop [256]=Oop [368]=Oop [384]=Oop }
                      ;*invokedynamic {reexecute=0 rethrow=0 return_oop=0}
                      ; - org.springframework.beans.factory.support.AbstractBeanFactory::doGetBean@70 (line 256)
  0x000001dc532250c8: 949f a3ff 

  0x000001dc532250cc: ;   {post_call_nop}
  0x000001dc532250cc: 0f1f 8400 | 4415 002a | 4c8b c048 | 8b94 2480 | 0100 0066 | 0f1f 4400 | 0048 b820 | f541 46dc 
  0x000001dc532250ec: ;   {virtual_call}
  0x000001dc532250ec: 0100 00e8 

  0x000001dc532250f0: ; ImmutableOopMap {[208]=Oop [232]=Oop [240]=Oop [256]=Oop [368]=Oop }
                      ;*invokeinterface trace {reexecute=0 rethrow=0 return_oop=0}
                      ; - org.springframework.beans.factory.support.AbstractBeanFactory::doGetBean@75 (line 256)
  0x000001dc532250f0: 6c9c a3ff 

  0x000001dc532250f4: ;   {post_call_nop}
  0x000001dc532250f4: 0f1f 8400 | 6c15 002b | 488b 9424 | d000 0000 | 8bb2 9800 | 0000 483b | 064d 8b87 | 9003 0000 
  0x000001dc53225114: 4d8b 0048 | 8bd6 0f1f 

  0x000001dc5322511c: ;   {optimized virtual_call}
  0x000001dc5322511c: 4400 00e8 

  0x000001dc53225120: ; ImmutableOopMap {[208]=Oop [232]=Oop [240]=Oop [256]=Oop [368]=Oop }
                      ;*invokevirtual get {reexecute=0 rethrow=0 return_oop=0}
                      ; - java.lang.ThreadLocal::get@4 (line 171)
                      ; - org.springframework.beans.factory.support.AbstractAutowireCapableBeanFactory::getObjectForBeanInstance@4 (line 1273)
                      ; - org.springframework.beans.factory.support.AbstractBeanFactory::doGetBean@87 (line 259)
  0x000001dc53225120: bc6b cfff 

  0x000001dc53225124: ;   {post_call_nop}
  0x000001dc53225124: 0f1f 8400 | 9c15 002c | 4885 c00f | 8429 0000 

  0x000001dc53225134: ;   {metadata('java/lang/String')}
  0x000001dc53225134: 0048 be48 | ae16 00dc | 0100 0044 | 8b40 0849 | ba00 0000 | 00dc 0100 | 004d 03c2 | 493b f00f 
  0x000001dc53225154: 8534 1100 | 00e9 0000 | 0000 4c8b | c84d 85c9 | 0f84 1802 | 0000 4c8b | 8424 0001 | 0000 488b 
  0x000001dc53225174: 9424 d000 | 0000 0f1f 

  0x000001dc5322517c: ;   {optimized virtual_call}
  0x000001dc5322517c: 4400 00e8 

  0x000001dc53225180: ; ImmutableOopMap {[208]=Oop [232]=Oop [240]=Oop [256]=Oop [368]=Oop }
                      ;*invokevirtual registerDependentBean {reexecute=0 rethrow=0 return_oop=0}
                      ; - org.springframework.beans.factory.support.AbstractAutowireCapableBeanFactory::getObjectForBeanInstance@21 (line 1275)
                      ; - org.springframework.beans.factory.support.AbstractBeanFactory::doGetBean@87 (line 259)
  0x000001dc53225180: dc98 a3ff 

  0x000001dc53225184: ;   {post_call_nop}
  0x000001dc53225184: 0f1f 8400 | fc15 002d | e9f1 0100 | 0048 8b9c | 2428 0100 | 004c 8b8c | 24e8 0000 | 0049 8b87 
  0x000001dc532251a4: 0805 0000 | 4d33 d24d | 8997 0805 | 0000 4d33 | d24d 8997 | 1005 0000 | 4d85 c90f | 842f 0500 
  0x000001dc532251c4: 0048 8984 | 2488 0100 

  0x000001dc532251cc: ;   {metadata('org/springframework/beans/factory/BeanCreationException')}
  0x000001dc532251cc: 0048 ba30 | 140f 01dc | 0100 0080 | ba40 0100 | 0004 0f85 | b710 0000 | 498b 87c8 | 0100 0048 
  0x000001dc532251ec: 8d78 3049 | 3bbf d801 | 0000 0f87 | 9f10 0000 | 4989 bfc8 | 0100 0048 | c700 0100 | 0000 488b 
  0x000001dc5322520c: ca49 ba00 | 0000 00dc | 0100 0049 | 2bca 8948 | 0848 33c9 | 8948 0c48 | 33c9 4889 | 4810 4889 
  0x000001dc5322522c: 4818 4889 | 4820 4889 | 4828 4889 | 8424 9001 | 0000 8b53 | 6048 85d2 | 0f84 1f00 | 0000 6666 
  0x000001dc5322524c: 9048 b848 | f541 46dc 

  0x000001dc53225254: ;   {virtual_call}
  0x000001dc53225254: 0100 00e8 

  0x000001dc53225258: ; ImmutableOopMap {[208]=Oop [232]=Oop [256]=Oop [392]=Oop [400]=Oop }
                      ;*invokeinterface getDescription {reexecute=0 rethrow=0 return_oop=0}
                      ; - org.springframework.beans.factory.support.AbstractBeanDefinition::getResourceDescription@11 (line 1152)
                      ; - org.springframework.beans.factory.support.AbstractBeanFactory::doGetBean@413 (line 323)
  0x000001dc53225258: 049b a3ff 

  0x000001dc5322525c: ;   {post_call_nop}
  0x000001dc5322525c: 0f1f 8400 | d416 002e | e90a 0000 

  0x000001dc53225268: ;   {oop(nullptr)}
  0x000001dc53225268: 0048 b800 | 0000 0000 | 0000 0048 | 8984 2498 | 0100 0048 | 8b94 2488 | 0100 0066 | 9048 b870 
  0x000001dc53225288: f541 46dc 

  0x000001dc5322528c: ;   {virtual_call}
  0x000001dc5322528c: 0100 00e8 

  0x000001dc53225290: ; ImmutableOopMap {[208]=Oop [232]=Oop [256]=Oop [392]=Oop [400]=Oop [408]=Oop }
                      ;*invokevirtual getBeanName {reexecute=0 rethrow=0 return_oop=0}
                      ; - org.springframework.beans.factory.support.AbstractBeanFactory::doGetBean@420 (line 324)
  0x000001dc53225290: cc9a a3ff 

  0x000001dc53225294: ;   {post_call_nop}
  0x000001dc53225294: 0f1f 8400 | 0c17 002f | 4889 8424 | a001 0000 | 4c8b 8c24 | e800 0000 

  0x000001dc532252ac: ; implicit exception: dispatches to 0x000001dc532262a8
  0x000001dc532252ac: 493b 0149 | 8bd1 0f1f 

  0x000001dc532252b4: ;   {optimized virtual_call}
  0x000001dc532252b4: 4400 00e8 

  0x000001dc532252b8: ; ImmutableOopMap {[208]=Oop [232]=Oop [256]=Oop [392]=Oop [400]=Oop [408]=Oop [416]=Oop }
                      ;*invokevirtual reflectionData {reexecute=0 rethrow=0 return_oop=0}
                      ; - java.lang.Class::getSimpleName@1 (line 1671)
                      ; - org.springframework.beans.factory.support.AbstractBeanFactory::doGetBean@424 (line 325)
  0x000001dc532252b8: a497 a3ff 

  0x000001dc532252bc: ;   {post_call_nop}
  0x000001dc532252bc: 0f1f 8400 | 3417 0030 

  0x000001dc532252c4: ; implicit exception: dispatches to 0x000001dc532262ad
  0x000001dc532252c4: 8b50 3448 | 85d2 0f85 | 7703 0000 | e91f 0300 | 0048 8b9c | 2428 0100 | 0049 8b87 | 0805 0000 
  0x000001dc532252e4: 4d33 d24d | 8997 0805 | 0000 4d33 | d24d 8997 | 1005 0000 | 4889 8424 | a801 0000 

  0x000001dc53225300: ;   {metadata('org/springframework/beans/factory/BeanCreationException')}
  0x000001dc53225300: 48ba 3014 | 0f01 dc01 | 0000 80ba | 4001 0000 | 040f 85a0 | 0f00 0049 | 8b87 c801 | 0000 488d 
  0x000001dc53225320: 7830 493b | bfd8 0100 | 000f 8788 | 0f00 0049 | 89bf c801 | 0000 48c7 | 0001 0000 | 0048 8bca 
  0x000001dc53225340: 49ba 0000 | 0000 dc01 | 0000 492b | ca89 4808 | 4833 c989 | 480c 4833 | c948 8948 | 1048 8948 
  0x000001dc53225360: 1848 8948 | 2048 8948 | 2848 8984 | 24b0 0100 | 008b 7360 | 4885 f60f | 84ec 0100 | 00e9 c501 
  0x000001dc53225380: 0000 488b | 8424 7001 | 0000 4c8b | c04c 8b8c | 24f0 0000 | 0048 8bbc | 2400 0100 

  0x000001dc5322539c: ;   {oop(nullptr)}
  0x000001dc5322539c: 0048 be00 | 0000 0000 | 0000 0048 | 8b94 24d0 

  0x000001dc532253ac: ;   {optimized virtual_call}
  0x000001dc532253ac: 0000 00e8 

  0x000001dc532253b0: ; ImmutableOopMap {[208]=Oop [232]=Oop [240]=Oop }
                      ;*invokespecial getObjectForBeanInstance {reexecute=0 rethrow=0 return_oop=0}
                      ; - org.springframework.beans.factory.support.AbstractAutowireCapableBeanFactory::getObjectForBeanInstance@30 (line 1278)
                      ; - org.springframework.beans.factory.support.AbstractBeanFactory::doGetBean@87 (line 259)
  0x000001dc532253b0: 2ca7 ffff 

  0x000001dc532253b4: ;   {post_call_nop}
  0x000001dc532253b4: 0f1f 8400 | 2c18 0031 | e94b 0100 | 004c 8b8c | 24e8 0000 | 0048 8bd6 | 9048 b898 | f541 46dc 
  0x000001dc532253d4: ;   {virtual_call}
  0x000001dc532253d4: 0100 00e8 

  0x000001dc532253d8: ; ImmutableOopMap {}
                      ;*invokeinterface getBean {reexecute=0 rethrow=0 return_oop=0}
                      ; - org.springframework.beans.factory.support.AbstractBeanFactory::doGetBean@192 (line 283)
  0x000001dc532253d8: 8499 a3ff 

  0x000001dc532253dc: ;   {post_call_nop}
  0x000001dc532253dc: 0f1f 8400 | 5418 0032 | 4881 c450 | 0200 005d 

  0x000001dc532253ec: ;   {poll_return}
  0x000001dc532253ec: 493b 6728 | 0f87 ce0e | 0000 c348 | 8bd6 6666 | 9048 b8c0 | f541 46dc 

  0x000001dc53225404: ;   {virtual_call}
  0x000001dc53225404: 0100 00e8 

  0x000001dc53225408: ; ImmutableOopMap {}
                      ;*invokeinterface getBean {reexecute=0 rethrow=0 return_oop=0}
                      ; - org.springframework.beans.factory.support.AbstractBeanFactory::doGetBean@202 (line 286)
  0x000001dc53225408: 5499 a3ff 

  0x000001dc5322540c: ;   {post_call_nop}
  0x000001dc5322540c: 0f1f 8400 | 8418 0033 | 4881 c450 | 0200 005d 

  0x000001dc5322541c: ;   {poll_return}
  0x000001dc5322541c: 493b 6728 | 0f87 b40e | 0000 c34c | 8bc0 4c8b | cf48 8bd6 | 0f1f 4400 | 0048 b8e8 | f541 46dc 
  0x000001dc5322543c: ;   {virtual_call}
  0x000001dc5322543c: 0100 00e8 

  0x000001dc53225440: ; ImmutableOopMap {}
                      ;*invokeinterface getBean {reexecute=0 rethrow=0 return_oop=0}
                      ; - org.springframework.beans.factory.support.AbstractBeanFactory::doGetBean@177 (line 279)
  0x000001dc53225440: 1c99 a3ff 

  0x000001dc53225444: ;   {post_call_nop}
  0x000001dc53225444: 0f1f 8400 | bc18 0034 | 4881 c450 | 0200 005d 

  0x000001dc53225454: ;   {poll_return}
  0x000001dc53225454: 493b 6728 | 0f87 920e | 0000 c348 | 85f6 0f84 | 2a00 0000 

  0x000001dc53225468: ;   {metadata('org/springframework/beans/factory/support/AbstractBeanFactory')}
  0x000001dc53225468: 48ba a0f0 | 8941 dc01 | 0000 448b | 4e08 49ba | 0000 0000 | dc01 0000 | 4d03 ca49 | 3b51 500f 
  0x000001dc53225488: 8579 0e00 | 00e9 0000 | 0000 488b | d648 3b02 | 4c8b c04c | 8b8c 24e8 | 0000 008b | b424 e000 
  0x000001dc532254a8: 0000 0f1f 

  0x000001dc532254ac: ;   {optimized virtual_call}
  0x000001dc532254ac: 4400 00e8 

  0x000001dc532254b0: ; ImmutableOopMap {}
                      ;*invokevirtual doGetBean {reexecute=0 rethrow=0 return_oop=0}
                      ; - org.springframework.beans.factory.support.AbstractBeanFactory::doGetBean@164 (line 275)
  0x000001dc532254b0: ac95 a3ff 

  0x000001dc532254b4: ;   {post_call_nop}
  0x000001dc532254b4: 0f1f 8400 | 2c19 0035 | 4881 c450 | 0200 005d 

  0x000001dc532254c4: ;   {poll_return}
  0x000001dc532254c4: 493b 6728 | 0f87 460e | 0000 c348 | 8b94 24d0 | 0000 008b | b2c0 0000 | 004c 8b84 | 2400 0100 
  0x000001dc532254e4: 0048 8bd6 | 0f1f 4400 | 0048 b810 | f641 46dc 

  0x000001dc532254f4: ;   {virtual_call}
  0x000001dc532254f4: 0100 00e8 

  0x000001dc532254f8: ; ImmutableOopMap {[208]=Oop [232]=Oop [240]=Oop [352]=Oop }
                      ;*invokeinterface remove {reexecute=0 rethrow=0 return_oop=0}
                      ; - org.springframework.beans.factory.support.DefaultListableBeanFactory::clearMergedBeanDefinition@10 (line 911)
                      ; - org.springframework.beans.factory.support.AbstractBeanFactory::doGetBean@698 (line 398)
  0x000001dc532254f8: 6498 a3ff 

  0x000001dc532254fc: ;   {post_call_nop}
  0x000001dc532254fc: 0f1f 8400 | 7419 0036 | 488b 8424 | 6001 0000 | 4c8b 8424 | f000 0000 | 4c8b c848 | 8bbc 24e8 
  0x000001dc5322551c: 0000 0048 | 8b94 24d0 

  0x000001dc53225524: ;   {optimized virtual_call}
  0x000001dc53225524: 0000 00e8 

  0x000001dc53225528: ; ImmutableOopMap {}
                      ;*invokevirtual adaptBeanInstance {reexecute=0 rethrow=0 return_oop=0}
                      ; - org.springframework.beans.factory.support.AbstractBeanFactory::doGetBean@783 (line 403)
  0x000001dc53225528: 54af ffff 

  0x000001dc5322552c: ;   {post_call_nop}
  0x000001dc5322552c: 0f1f 8400 | a419 0037 | 4881 c450 | 0200 005d 

  0x000001dc5322553c: ;   {poll_return}
  0x000001dc5322553c: 493b 6728 | 0f87 e40d | 0000 c348 | 8bd6 6666 | 9048 b838 | f641 46dc 

  0x000001dc53225554: ;   {virtual_call}
  0x000001dc53225554: 0100 00e8 

  0x000001dc53225558: ; ImmutableOopMap {[208]=Oop [256]=Oop [272]=Oop [424]=Oop [432]=Oop }
                      ;*invokeinterface getDescription {reexecute=0 rethrow=0 return_oop=0}
                      ; - org.springframework.beans.factory.support.AbstractBeanDefinition::getResourceDescription@11 (line 1152)
                      ; - org.springframework.beans.factory.support.AbstractBeanFactory::doGetBean@381 (line 316)
  0x000001dc53225558: 0498 a3ff 

  0x000001dc5322555c: ;   {post_call_nop}
  0x000001dc5322555c: 0f1f 8400 | d419 0038 | e90a 0000 

  0x000001dc53225568: ;   {oop(nullptr)}
  0x000001dc53225568: 0048 b800 | 0000 0000 | 0000 0048 | 8984 24b8 | 0100 000f | 1f44 0000 

  0x000001dc53225580: ;   {no_reloc}
  0x000001dc53225580: e9ca 0d00 | 0090 9090 | 9090 488b | 9424 0001 | 0000 4c8b | 8424 1001 | 0000 0f1f 

  0x000001dc5322559c: ;   {static_call}
  0x000001dc5322559c: 4400 00e8 

  0x000001dc532255a0: ; ImmutableOopMap {[208]=Oop [256]=Oop [424]=Oop [432]=Oop [440]=Oop }
                      ;*invokedynamic {reexecute=0 rethrow=0 return_oop=0}
                      ; - org.springframework.beans.factory.support.AbstractBeanFactory::doGetBean@390 (line 316)
  0x000001dc532255a0: bc9a a3ff 

  0x000001dc532255a4: ;   {post_call_nop}
  0x000001dc532255a4: 0f1f 8400 | 1c1a 0039 | 4c8b 8424 | b801 0000 | 4c8b 8c24 | 0001 0000 | 488b f848 | 8bb4 24a8 
  0x000001dc532255c4: 0100 0048 | 8b94 24b0 

  0x000001dc532255cc: ;   {optimized virtual_call}
  0x000001dc532255cc: 0100 00e8 

  0x000001dc532255d0: ; ImmutableOopMap {[208]=Oop [256]=Oop [432]=Oop }
                      ;*invokespecial <init> {reexecute=0 rethrow=0 return_oop=0}
                      ; - org.springframework.beans.factory.support.AbstractBeanFactory::doGetBean@397 (line 316)
  0x000001dc532255d0: 8c94 a3ff 

  0x000001dc532255d4: ;   {post_call_nop}
  0x000001dc532255d4: 0f1f 8400 | 4c1a 003a | 488b 8424 

  0x000001dc532255e0: ; ImmutableOopMap {rax=Oop [208]=Oop [256]=Oop }
                      ;*athrow {reexecute=1 rethrow=0 return_oop=0}
                      ; - (reexecute) org.springframework.beans.factory.support.AbstractBeanFactory::doGetBean@400 (line 316)
  0x000001dc532255e0: b001 0000 

  0x000001dc532255e4: ;   {section_word}
  0x000001dc532255e4: 48ba e455 | 2253 dc01 

  0x000001dc532255ec: ;   {runtime_call C1 Runtime handle_exception_nofpu_blob}
  0x000001dc532255ec: 0000 e86d | 42ae ff90 | 4889 8424 | c001 0000 | 488b 9424 | e800 0000 

  0x000001dc53225604: ;   {optimized virtual_call}
  0x000001dc53225604: 6666 90e8 

  0x000001dc53225608: ; ImmutableOopMap {[208]=Oop [256]=Oop [392]=Oop [400]=Oop [408]=Oop [416]=Oop [448]=Oop }
                      ;*invokevirtual getSimpleName0 {reexecute=0 rethrow=0 return_oop=0}
                      ; - java.lang.Class::getSimpleName@16 (line 1674)
                      ; - org.springframework.beans.factory.support.AbstractBeanFactory::doGetBean@424 (line 325)
  0x000001dc53225608: 5494 a3ff 

  0x000001dc5322560c: ;   {post_call_nop}
  0x000001dc5322560c: 0f1f 8400 | 841a 003c | 410f be57 | 4885 d248 | 8b94 24c0 | 0100 000f | 8530 0d00 | 004c 8bd0 
  0x000001dc5322562c: 4489 5234 | 488b f248 | 33f0 48c1 | ee14 4883 | fe00 0f85 | 300d 0000 | 488b d048 | 8994 24c8 
  0x000001dc5322564c: 0100 0048 | 8b94 2488 | 0100 0066 | 0f1f 4400 | 0048 b860 | f641 46dc 

  0x000001dc53225664: ;   {virtual_call}
  0x000001dc53225664: 0100 00e8 

  0x000001dc53225668: ; ImmutableOopMap {[208]=Oop [256]=Oop [392]=Oop [400]=Oop [408]=Oop [416]=Oop [456]=Oop }
                      ;*invokevirtual getMessage {reexecute=0 rethrow=0 return_oop=0}
                      ; - org.springframework.beans.factory.support.AbstractBeanFactory::doGetBean@431 (line 326)
  0x000001dc53225668: f496 a3ff 

  0x000001dc5322566c: ;   {post_call_nop}
  0x000001dc5322566c: 0f1f 8400 | e41a 003d | 0f1f 4000 

  0x000001dc53225678: ;   {no_reloc}
  0x000001dc53225678: e91e 0d00 | 0090 9090 | 9090 488b | 9424 a001 | 0000 4c8b | 8424 c801 | 0000 4c8b | 8c24 0001 
  0x000001dc53225698: 0000 488b 

  0x000001dc5322569c: ;   {static_call}
  0x000001dc5322569c: f866 90e8 

  0x000001dc532256a0: ; ImmutableOopMap {[208]=Oop [256]=Oop [392]=Oop [400]=Oop [408]=Oop }
                      ;*invokedynamic {reexecute=0 rethrow=0 return_oop=0}
                      ; - org.springframework.beans.factory.support.AbstractBeanFactory::doGetBean@434 (line 326)
  0x000001dc532256a0: bc99 a3ff 

  0x000001dc532256a4: ;   {post_call_nop}
  0x000001dc532256a4: 0f1f 8400 | 1c1b 003e | 4c8b 8424 | 9801 0000 | 4c8b 8c24 | 0001 0000 | 488b f848 | 8bb4 2488 
  0x000001dc532256c4: 0100 0048 | 8b94 2490 

  0x000001dc532256cc: ;   {optimized virtual_call}
  0x000001dc532256cc: 0100 00e8 

  0x000001dc532256d0: ; ImmutableOopMap {[208]=Oop [256]=Oop [400]=Oop }
                      ;*invokespecial <init> {reexecute=0 rethrow=0 return_oop=0}
                      ; - org.springframework.beans.factory.support.AbstractBeanFactory::doGetBean@441 (line 326)
  0x000001dc532256d0: 8c93 a3ff 

  0x000001dc532256d4: ;   {post_call_nop}
  0x000001dc532256d4: 0f1f 8400 | 4c1b 003f | 488b 8424 

  0x000001dc532256e0: ; ImmutableOopMap {rax=Oop [208]=Oop [256]=Oop }
                      ;*athrow {reexecute=1 rethrow=0 return_oop=0}
                      ; - (reexecute) org.springframework.beans.factory.support.AbstractBeanFactory::doGetBean@444 (line 326)
  0x000001dc532256e0: 9001 0000 

  0x000001dc532256e4: ;   {section_word}
  0x000001dc532256e4: 48ba e456 | 2253 dc01 

  0x000001dc532256ec: ;   {runtime_call C1 Runtime handle_exception_nofpu_blob}
  0x000001dc532256ec: 0000 e86d 

  0x000001dc532256f0: ; ImmutableOopMap {rax=Oop [208]=Oop [256]=Oop }
                      ;*athrow {reexecute=1 rethrow=0 return_oop=0}
                      ; - (reexecute) org.springframework.beans.factory.support.AbstractBeanFactory::doGetBean@447 (line 328)
  0x000001dc532256f0: 41ae ff90 

  0x000001dc532256f4: ;   {section_word}
  0x000001dc532256f4: 48ba f456 | 2253 dc01 

  0x000001dc532256fc: ;   {runtime_call C1 Runtime handle_exception_nofpu_blob}
  0x000001dc532256fc: 0000 e85d | 41ae ff90 | 488b d666 | 0f1f 4400 | 0048 b888 | f641 46dc 

  0x000001dc53225714: ;   {virtual_call}
  0x000001dc53225714: 0100 00e8 

  0x000001dc53225718: ; ImmutableOopMap {[208]=Oop [256]=Oop [272]=Oop [464]=Oop }
                      ;*invokeinterface getDescription {reexecute=0 rethrow=0 return_oop=0}
                      ; - org.springframework.beans.factory.support.AbstractBeanDefinition::getResourceDescription@11 (line 1152)
                      ; - org.springframework.beans.factory.support.AbstractBeanFactory::doGetBean@337 (line 308)
  0x000001dc53225718: 4496 a3ff 

  0x000001dc5322571c: ;   {post_call_nop}
  0x000001dc5322571c: 0f1f 8400 | 941b 0042 | e90a 0000 

  0x000001dc53225728: ;   {oop(nullptr)}
  0x000001dc53225728: 0048 b800 | 0000 0000 | 0000 0048 | 8984 24d8 | 0100 000f | 1f44 0000 

  0x000001dc53225740: ;   {no_reloc}
  0x000001dc53225740: e96f 0c00 | 0090 9090 | 9090 488b | 9424 0001 | 0000 4c8b | 8424 1001 | 0000 0f1f 

  0x000001dc5322575c: ;   {static_call}
  0x000001dc5322575c: 4400 00e8 

  0x000001dc53225760: ; ImmutableOopMap {[208]=Oop [256]=Oop [464]=Oop [472]=Oop }
                      ;*invokedynamic {reexecute=0 rethrow=0 return_oop=0}
                      ; - org.springframework.beans.factory.support.AbstractBeanFactory::doGetBean@346 (line 308)
  0x000001dc53225760: fc98 a3ff 

  0x000001dc53225764: ;   {post_call_nop}
  0x000001dc53225764: 0f1f 8400 | dc1b 0043 | 4c8b 8424 | d801 0000 | 4c8b 8c24 | 0001 0000 | 488b f848 | 8b94 24d0 
  0x000001dc53225784: ;   {optimized virtual_call}
  0x000001dc53225784: 0100 00e8 

  0x000001dc53225788: ; ImmutableOopMap {[208]=Oop [256]=Oop [464]=Oop }
                      ;*invokespecial <init> {reexecute=0 rethrow=0 return_oop=0}
                      ; - org.springframework.beans.factory.support.AbstractBeanFactory::doGetBean@351 (line 308)
  0x000001dc53225788: d492 a3ff 

  0x000001dc5322578c: ;   {post_call_nop}
  0x000001dc5322578c: 0f1f 8400 | 041c 0044 | 488b 8424 

  0x000001dc53225798: ; ImmutableOopMap {rax=Oop [208]=Oop [256]=Oop }
                      ;*athrow {reexecute=1 rethrow=0 return_oop=0}
                      ; - (reexecute) org.springframework.beans.factory.support.AbstractBeanFactory::doGetBean@354 (line 308)
  0x000001dc53225798: d001 0000 

  0x000001dc5322579c: ;   {section_word}
  0x000001dc5322579c: 48ba 9c57 | 2253 dc01 

  0x000001dc532257a4: ;   {runtime_call C1 Runtime handle_exception_nofpu_blob}
  0x000001dc532257a4: 0000 e8b5 | 40ae ff90 

  0x000001dc532257ac: ;   {metadata('java/lang/IllegalStateException')}
  0x000001dc532257ac: 48ba 9011 | 0401 dc01 | 0000 498b | 87c8 0100 | 0048 8d78 | 2849 3bbf | d801 0000 | 0f87 f00b 
  0x000001dc532257cc: 0000 4989 | bfc8 0100 | 0048 c700 | 0100 0000 | 488b ca49 | ba00 0000 | 00dc 0100 | 0049 2bca 
  0x000001dc532257ec: 8948 0848 | 33c9 8948 | 0c48 33c9 | 4889 4810 | 4889 4818 | 4889 4820 | 0f1f 4000 

  0x000001dc53225808: ;   {no_reloc}
  0x000001dc53225808: e9cd 0b00 | 0090 9090 | 9090 488b | 9424 4801 | 0000 4889 | 8424 e001 | 0000 0f1f 

  0x000001dc53225824: ;   {static_call}
  0x000001dc53225824: 4400 00e8 

  0x000001dc53225828: ; ImmutableOopMap {[208]=Oop [256]=Oop [480]=Oop }
                      ;*invokedynamic {reexecute=0 rethrow=0 return_oop=0}
                      ; - org.springframework.beans.factory.support.AbstractBeanFactory::doGetBean@618 (line 370)
  0x000001dc53225828: 3498 a3ff 

  0x000001dc5322582c: ;   {post_call_nop}
  0x000001dc5322582c: 0f1f 8400 | a41c 0046 | 4c8b c048 | 8b94 24e0 

  0x000001dc5322583c: ;   {optimized virtual_call}
  0x000001dc5322583c: 0100 00e8 

  0x000001dc53225840: ; ImmutableOopMap {[208]=Oop [256]=Oop [480]=Oop }
                      ;*invokespecial <init> {reexecute=0 rethrow=0 return_oop=0}
                      ; - org.springframework.beans.factory.support.AbstractBeanFactory::doGetBean@623 (line 370)
  0x000001dc53225840: 1c92 a3ff 

  0x000001dc53225844: ;   {post_call_nop}
  0x000001dc53225844: 0f1f 8400 | bc1c 0047 | 488b 8424 

  0x000001dc53225850: ; ImmutableOopMap {rax=Oop [208]=Oop [256]=Oop }
                      ;*athrow {reexecute=1 rethrow=0 return_oop=0}
                      ; - (reexecute) org.springframework.beans.factory.support.AbstractBeanFactory::doGetBean@626 (line 370)
  0x000001dc53225850: e001 0000 

  0x000001dc53225854: ;   {section_word}
  0x000001dc53225854: 48ba 5458 | 2253 dc01 

  0x000001dc5322585c: ;   {runtime_call C1 Runtime handle_exception_nofpu_blob}
  0x000001dc5322585c: 0000 e8fd | 3fae ff90 

  0x000001dc53225864: ;   {metadata('java/lang/IllegalStateException')}
  0x000001dc53225864: 48ba 9011 | 0401 dc01 | 0000 498b | 87c8 0100 | 0048 8d78 | 2849 3bbf | d801 0000 | 0f87 5e0b 
  0x000001dc53225884: 0000 4989 | bfc8 0100 | 0048 c700 | 0100 0000 | 488b ca49 | ba00 0000 | 00dc 0100 | 0049 2bca 
  0x000001dc532258a4: 8948 0848 | 33c9 8948 | 0c48 33c9 | 4889 4810 | 4889 4818 | 4889 4820 | 0f1f 4000 

  0x000001dc532258c0: ;   {no_reloc}
  0x000001dc532258c0: e93b 0b00 | 0090 9090 | 9090 488b | 9424 0001 | 0000 4889 | 8424 e801 | 0000 0f1f 

  0x000001dc532258dc: ;   {static_call}
  0x000001dc532258dc: 4400 00e8 

  0x000001dc532258e0: ; ImmutableOopMap {[208]=Oop [256]=Oop [488]=Oop }
                      ;*invokedynamic {reexecute=0 rethrow=0 return_oop=0}
                      ; - org.springframework.beans.factory.support.AbstractBeanFactory::doGetBean@582 (line 366)
  0x000001dc532258e0: 7c97 a3ff 

  0x000001dc532258e4: ;   {post_call_nop}
  0x000001dc532258e4: 0f1f 8400 | 5c1d 0049 | 4c8b c048 | 8b94 24e8 

  0x000001dc532258f4: ;   {optimized virtual_call}
  0x000001dc532258f4: 0100 00e8 

  0x000001dc532258f8: ; ImmutableOopMap {[208]=Oop [256]=Oop [488]=Oop }
                      ;*invokespecial <init> {reexecute=0 rethrow=0 return_oop=0}
                      ; - org.springframework.beans.factory.support.AbstractBeanFactory::doGetBean@587 (line 366)
  0x000001dc532258f8: 6491 a3ff 

  0x000001dc532258fc: ;   {post_call_nop}
  0x000001dc532258fc: 0f1f 8400 | 741d 004a | 488b 8424 

  0x000001dc53225908: ; ImmutableOopMap {rax=Oop [208]=Oop [256]=Oop }
                      ;*athrow {reexecute=1 rethrow=0 return_oop=0}
                      ; - (reexecute) org.springframework.beans.factory.support.AbstractBeanFactory::doGetBean@590 (line 366)
  0x000001dc53225908: e801 0000 

  0x000001dc5322590c: ;   {section_word}
  0x000001dc5322590c: 48ba 0c59 | 2253 dc01 

  0x000001dc53225914: ;   {runtime_call C1 Runtime handle_exception_nofpu_blob}
  0x000001dc53225914: 0000 e845 | 3fae ff90 

  0x000001dc5322591c: ;   {metadata('org/springframework/beans/factory/BeanIsAbstractException')}
  0x000001dc5322591c: 48ba 283a | 0f01 dc01 | 0000 80ba | 4001 0000 | 040f 85dc | 0a00 0049 | 8b87 c801 | 0000 488d 
  0x000001dc5322593c: 7830 493b | bfd8 0100 | 000f 87c4 | 0a00 0049 | 89bf c801 | 0000 48c7 | 0001 0000 | 0048 8bca 
  0x000001dc5322595c: 49ba 0000 | 0000 dc01 | 0000 492b | ca89 4808 | 4833 c989 | 480c 4833 | c948 8948 | 1048 8948 
  0x000001dc5322597c: 1848 8948 | 2048 8948 | 284c 8b84 | 2400 0100 | 0048 8bd0 | 4889 8424 | f001 0000 | 0f1f 8000 
  0x000001dc5322599c: ;   {optimized virtual_call}
  0x000001dc5322599c: 0000 00e8 

  0x000001dc532259a0: ; ImmutableOopMap {[208]=Oop [216]=Oop [232]=Oop [240]=Oop [256]=Oop [296]=Oop [496]=Oop }
                      ;*invokespecial <init> {reexecute=0 rethrow=0 return_oop=0}
                      ; - org.springframework.beans.factory.support.AbstractBeanFactory::checkMergedBeanDefinition@12 (line 1498)
                      ; - org.springframework.beans.factory.support.AbstractBeanFactory::doGetBean@279 (line 301)
  0x000001dc532259a0: bc90 a3ff 

  0x000001dc532259a4: ;   {post_call_nop}
  0x000001dc532259a4: 0f1f 8400 | 1c1e 004c | 488b 8424 

  0x000001dc532259b0: ; ImmutableOopMap {rax=Oop [208]=Oop [216]=Oop [232]=Oop [240]=Oop [256]=Oop [296]=Oop }
                      ;*athrow {reexecute=1 rethrow=0 return_oop=0}
                      ; - (reexecute) org.springframework.beans.factory.support.AbstractBeanFactory::checkMergedBeanDefinition@15 (line 1498)
                      ; - org.springframework.beans.factory.support.AbstractBeanFactory::doGetBean@279 (line 301)
  0x000001dc532259b0: f001 0000 

  0x000001dc532259b4: ;   {section_word}
  0x000001dc532259b4: 48ba b459 | 2253 dc01 

  0x000001dc532259bc: ;   {runtime_call C1 Runtime handle_exception_nofpu_blob}
  0x000001dc532259bc: 0000 e89d | 3eae ff90 

  0x000001dc532259c4: ;   {metadata('java/lang/NullPointerException')}
  0x000001dc532259c4: 48ba 3041 | 1c00 dc01 | 0000 498b | 87c8 0100 | 0048 8d78 | 3049 3bbf | d801 0000 | 0f87 360a 
  0x000001dc532259e4: 0000 4989 | bfc8 0100 | 0048 c700 | 0100 0000 | 488b ca49 | ba00 0000 | 00dc 0100 | 0049 2bca 
  0x000001dc53225a04: 8948 0848 | 33c9 8948 | 0c48 33c9 | 4889 4810 | 4889 4818 | 4889 4820 | 4889 4828 | 488b d048 
  0x000001dc53225a24: 8984 24f8 | 0100 000f 

  0x000001dc53225a2c: ;   {optimized virtual_call}
  0x000001dc53225a2c: 1f40 00e8 

  0x000001dc53225a30: ; ImmutableOopMap {[208]=Oop [216]=Oop [232]=Oop [240]=Oop [256]=Oop [504]=Oop }
                      ;*invokespecial <init> {reexecute=0 rethrow=0 return_oop=0}
                      ; - java.util.Objects::requireNonNull@8 (line 220)
                      ; - org.springframework.beans.factory.support.AbstractBeanFactory::doGetBean@250 (line 298)
  0x000001dc53225a30: 2c90 a3ff 

  0x000001dc53225a34: ;   {post_call_nop}
  0x000001dc53225a34: 0f1f 8400 | ac1e 004e | 488b 8424 

  0x000001dc53225a40: ; ImmutableOopMap {rax=Oop [208]=Oop [216]=Oop [232]=Oop [240]=Oop [256]=Oop }
                      ;*athrow {reexecute=1 rethrow=0 return_oop=0}
                      ; - (reexecute) java.util.Objects::requireNonNull@11 (line 220)
                      ; - org.springframework.beans.factory.support.AbstractBeanFactory::doGetBean@250 (line 298)
  0x000001dc53225a40: f801 0000 

  0x000001dc53225a44: ;   {section_word}
  0x000001dc53225a44: 48ba 445a | 2253 dc01 

  0x000001dc53225a4c: ;   {runtime_call C1 Runtime handle_exception_nofpu_blob}
  0x000001dc53225a4c: 0000 e80d | 3eae ff90 | 4889 8424 | 0001 0000 

  0x000001dc53225a5c: ;   {metadata('java/lang/IllegalArgumentException')}
  0x000001dc53225a5c: 48ba 9823 | 1c00 dc01 | 0000 498b | 87c8 0100 | 0048 8d78 | 2849 3bbf | d801 0000 | 0f87 ab09 
  0x000001dc53225a7c: 0000 4989 | bfc8 0100 | 0048 c700 | 0100 0000 | 488b ca49 | ba00 0000 | 00dc 0100 | 0049 2bca 
  0x000001dc53225a9c: 8948 0848 | 33c9 8948 | 0c48 33c9 | 4889 4810 | 4889 4818 | 4889 4820 

  0x000001dc53225ab4: ;   {oop("Bean name must not be null"{0x0000000084c8efc8})}
  0x000001dc53225ab4: 49b8 c8ef | c884 0000 | 0000 488b | d048 8984 | 2400 0200 | 0066 0f1f 

  0x000001dc53225acc: ;   {optimized virtual_call}
  0x000001dc53225acc: 4400 00e8 

  0x000001dc53225ad0: ; ImmutableOopMap {[208]=Oop [216]=Oop [232]=Oop [240]=Oop [256]=Oop [264]=Oop [512]=Oop }
                      ;*invokespecial <init> {reexecute=0 rethrow=0 return_oop=0}
                      ; - org.springframework.util.Assert::notNull@9 (line 172)
                      ; - org.springframework.beans.factory.support.DefaultListableBeanFactory::containsBeanDefinition@3 (line 366)
                      ; - org.springframework.beans.factory.support.AbstractBeanFactory::doGetBean@128 (line 271)
  0x000001dc53225ad0: 8c8f a3ff 

  0x000001dc53225ad4: ;   {post_call_nop}
  0x000001dc53225ad4: 0f1f 8400 | 4c1f 0050 | 488b 8424 | 0002 0000 | e9ad 0a00 

  0x000001dc53225ae8: ;   {metadata('org/springframework/beans/factory/BeanCurrentlyInCreationException')}
  0x000001dc53225ae8: 0048 ba80 | 190f 01dc | 0100 0080 | ba40 0100 | 0004 0f85 | 3b09 0000 | 498b 87c8 | 0100 0048 
  0x000001dc53225b08: 8d78 3049 | 3bbf d801 | 0000 0f87 | 2309 0000 | 4989 bfc8 | 0100 0048 | c700 0100 | 0000 488b 
  0x000001dc53225b28: ca49 ba00 | 0000 00dc | 0100 0049 | 2bca 8948 | 0848 33c9 | 8948 0c48 | 33c9 4889 | 4810 4889 
  0x000001dc53225b48: 4818 4889 | 4820 4889 | 4828 4c8b | 8424 0001 | 0000 488b | d048 8984 | 2408 0200 

  0x000001dc53225b64: ;   {optimized virtual_call}
  0x000001dc53225b64: 0066 90e8 

  0x000001dc53225b68: ; ImmutableOopMap {[520]=Oop }
                      ;*invokespecial <init> {reexecute=0 rethrow=0 return_oop=0}
                      ; - org.springframework.beans.factory.support.AbstractBeanFactory::doGetBean@110 (line 266)
  0x000001dc53225b68: f48e a3ff 

  0x000001dc53225b6c: ;   {post_call_nop}
  0x000001dc53225b6c: 0f1f 8400 | e41f 0051 | 488b 8424 | 0802 0000 | e915 0a00 | 0049 8b87 | 0805 0000 | 4d33 d24d 
  0x000001dc53225b8c: 8997 0805 | 0000 4d33 | d24d 8997 | 1005 0000 

  0x000001dc53225b9c: ;   {metadata('org/springframework/beans/factory/support/ScopeNotActiveException')}
  0x000001dc53225b9c: 488b d848 | bad8 250f | 01dc 0100 | 0080 ba40 | 0100 0004 | 0f85 9708 | 0000 498b | 87c8 0100 
  0x000001dc53225bbc: 0048 8d78 | 3049 3bbf | d801 0000 | 0f87 7f08 | 0000 4989 | bfc8 0100 | 0048 c700 | 0100 0000 
  0x000001dc53225bdc: 488b ca49 | ba00 0000 | 00dc 0100 | 0049 2bca | 8948 0848 | 33c9 8948 | 0c48 33c9 | 4889 4810 
  0x000001dc53225bfc: 4889 4818 | 4889 4820 | 4889 4828 | 4c8b 8424 | 0001 0000 | 488b fb48 | 8bd0 4889 | 8424 1002 
  0x000001dc53225c1c: ;   {optimized virtual_call}
  0x000001dc53225c1c: 0000 90e8 

  0x000001dc53225c20: ; ImmutableOopMap {[208]=Oop [256]=Oop [528]=Oop }
                      ;*invokespecial <init> {reexecute=0 rethrow=0 return_oop=0}
                      ; - org.springframework.beans.factory.support.AbstractBeanFactory::doGetBean@677 (line 385)
  0x000001dc53225c20: 3c8e a3ff 

  0x000001dc53225c24: ;   {post_call_nop}
  0x000001dc53225c24: 0f1f 8400 | 9c20 0052 | 488b 8424 

  0x000001dc53225c30: ; ImmutableOopMap {rax=Oop [208]=Oop [256]=Oop }
                      ;*athrow {reexecute=1 rethrow=0 return_oop=0}
                      ; - (reexecute) org.springframework.beans.factory.support.AbstractBeanFactory::doGetBean@680 (line 385)
  0x000001dc53225c30: 1002 0000 

  0x000001dc53225c34: ;   {section_word}
  0x000001dc53225c34: 48ba 345c | 2253 dc01 

  0x000001dc53225c3c: ;   {runtime_call C1 Runtime handle_exception_nofpu_blob}
  0x000001dc53225c3c: 0000 e81d | 3cae ff90 | 498b 8708 | 0500 004d | 33d2 4d89 | 9708 0500 | 004d 33d2 | 4d89 9710 
  0x000001dc53225c5c: 0500 004c | 8b84 2400 | 0100 0048 | 8b94 24d0 | 0000 0048 | 8984 2418 

  0x000001dc53225c74: ;   {optimized virtual_call}
  0x000001dc53225c74: 0200 00e8 

  0x000001dc53225c78: ; ImmutableOopMap {[208]=Oop [256]=Oop [536]=Oop }
                      ;*invokevirtual afterPrototypeCreation {reexecute=0 rethrow=0 return_oop=0}
                      ; - org.springframework.beans.factory.support.AbstractBeanFactory::doGetBean@539 (line 358)
  0x000001dc53225c78: e48d a3ff 

  0x000001dc53225c7c: ;   {post_call_nop}
  0x000001dc53225c7c: 0f1f 8400 | f420 0054 | 488b 8424 

  0x000001dc53225c88: ; ImmutableOopMap {rax=Oop [208]=Oop [256]=Oop }
                      ;*athrow {reexecute=1 rethrow=0 return_oop=0}
                      ; - (reexecute) org.springframework.beans.factory.support.AbstractBeanFactory::doGetBean@544 (line 359)
  0x000001dc53225c88: 1802 0000 

  0x000001dc53225c8c: ;   {section_word}
  0x000001dc53225c8c: 48ba 8c5c | 2253 dc01 

  0x000001dc53225c94: ;   {runtime_call C1 Runtime handle_exception_nofpu_blob}
  0x000001dc53225c94: 0000 e8c5 | 3bae ff90 | 448b 9c24 | 1801 0000 | 488b 9c24 | 2001 0000 | 488b bc24 | d800 0000 
  0x000001dc53225cb4: 4c8b 8c24 | e800 0000 | 4c8b 8424 | f000 0000 | 498b 8708 | 0500 004d | 33d2 4d89 | 9708 0500 
  0x000001dc53225cd4: 004d 33d2 | 4d89 9710 | 0500 0048 | 8bd0 488d | 8424 3802 | 0000 488b | 7008 458b | b758 0600 
  0x000001dc53225cf4: 004b 3b74 | 37f8 0f85 | 5a07 0000 | 4183 af58 | 0600 0008 | 4b3b 7437 | f00f 842a | 0000 0048 
  0x000001dc53225d14: 8b06 a802 | 0f85 1200 | 0000 4c8b | f049 83ce | 01f0 4c0f | b136 0f84 | 0d00 0000 | 4183 8758 
  0x000001dc53225d34: 0600 0008 | e91d 0700 

  0x000001dc53225d3c: ; ImmutableOopMap {r13=Oop rbx=Oop rdi=Oop r8=Oop r9=Oop rax=Oop [208]=Oop [216]=Oop [232]=Oop [240]=Oop [256]=Oop [288]=Oop [296]=Oop }
                      ;*athrow {reexecute=1 rethrow=0 return_oop=0}
                      ; - (reexecute) org.springframework.beans.factory.support.DefaultSingletonBeanRegistry::isDependent@23 (line 441)
                      ; - org.springframework.beans.factory.support.AbstractBeanFactory::doGetBean@325 (line 307)
  0x000001dc53225d3c: 0048 8bc2 

  0x000001dc53225d40: ;   {section_word}
  0x000001dc53225d40: 48ba 405d | 2253 dc01 

  0x000001dc53225d48: ;   {runtime_call C1 Runtime handle_exception_nofpu_blob}
  0x000001dc53225d48: 0000 e811 | 3bae ff90 | 498b 8708 | 0500 004d | 33d2 4d89 | 9708 0500 | 004d 33d2 | 4d89 9710 
  0x000001dc53225d68: 0500 008b | 5008 49ba | 0000 0000 | dc01 0000 | 4903 d248 | 8b52 7048 | 8b12 483b | 0248 8984 
  0x000001dc53225d88: 2420 0200 

  0x000001dc53225d8c: ;   {optimized virtual_call}
  0x000001dc53225d8c: 0066 90e8 

  0x000001dc53225d90: ; ImmutableOopMap {[208]=Oop [256]=Oop [544]=Oop }
                      ;*invokevirtual toString {reexecute=0 rethrow=0 return_oop=0}
                      ; - org.springframework.beans.factory.support.AbstractBeanFactory::doGetBean@716 (line 390)
  0x000001dc53225d90: 040c 0000 

  0x000001dc53225d94: ;   {post_call_nop}
  0x000001dc53225d94: 0f1f 8400 | 0c22 0057 | 488b 9424 | 2002 0000 | 9048 b8b0 | f641 46dc 

  0x000001dc53225dac: ;   {virtual_call}
  0x000001dc53225dac: 0100 00e8 

  0x000001dc53225db0: ; ImmutableOopMap {[208]=Oop [256]=Oop [544]=Oop }
                      ;*invokevirtual getMessage {reexecute=0 rethrow=0 return_oop=0}
                      ; - org.springframework.beans.factory.support.AbstractBeanFactory::doGetBean@732 (line 391)
  0x000001dc53225db0: dde2 a3ff 

  0x000001dc53225db4: ;   {post_call_nop}
  0x000001dc53225db4: 0f1f 8400 | 2c22 0058 | 4885 c00f | 850f 0000 

  0x000001dc53225dc4: ;   {oop("null"{0x00000000ffe1cbb0})}
  0x000001dc53225dc4: 0048 b8b0 | cbe1 ff00 | 0000 00e9 | 0300 0000 

  0x000001dc53225dd4: ; implicit exception: dispatches to 0x000001dc53226475
  0x000001dc53225dd4: 483b 0048 | 8b94 24d0 | 0000 008b | 727c 4c8d | 8424 3802 | 0000 4989 | 7008 488b | 0641 8bbf 
  0x000001dc53225df4: 5806 0000 | 81ff a806 | 0000 0f8d | 7b06 0000 | 493b 743f | f80f 8425 | 0000 00a8 | 020f 8568 
  0x000001dc53225e14: 0600 0048 | 8bf8 4883 | e7fe 4883 | c801 f048 | 0fb1 3e0f | 8552 0600 | 0041 8bbf | 5806 0000 
  0x000001dc53225e34: 4989 343f | 83c7 0841 | 89bf 5806 | 0000 8bba | 8000 0000 | 4c8b 8424 | 0001 0000 | 488b d748 
  0x000001dc53225e54: 89b4 2428 | 0200 0066 | 9048 b8d8 | f641 46dc 

  0x000001dc53225e64: ;   {virtual_call}
  0x000001dc53225e64: 0100 00e8 

  0x000001dc53225e68: ; ImmutableOopMap {[208]=Oop [256]=Oop [544]=Oop [552]=Oop [576]=Oop }
                      ;*invokeinterface remove {reexecute=0 rethrow=0 return_oop=0}
                      ; - org.springframework.beans.factory.support.AbstractBeanFactory::cleanupAfterBeanCreationFailure@12 (line 1773)
                      ; - org.springframework.beans.factory.support.AbstractBeanFactory::doGetBean@747 (line 392)
  0x000001dc53225e68: c62e cfff 

  0x000001dc53225e6c: ;   {post_call_nop}
  0x000001dc53225e6c: 0f1f 8400 | e422 0059 | 488d 8424 | 3802 0000 | 4c8b 4008 | 418b 9758 | 0600 004d | 3b44 17f8 
  0x000001dc53225e8c: 0f85 0006 | 0000 4183 | af58 0600 | 0008 4d3b | 4417 f00f | 842a 0000 | 0049 8b00 | a802 0f85 
  0x000001dc53225eac: 1200 0000 | 488b d048 | 83ca 01f0 | 490f b110 | 0f84 0d00 | 0000 4183 | 8758 0600 | 0008 e9c3 
  0x000001dc53225ecc: 0500 0048 | 8b84 2420 

  0x000001dc53225ed4: ; ImmutableOopMap {rax=Oop [208]=Oop [256]=Oop [544]=Oop }
                      ;*athrow {reexecute=1 rethrow=0 return_oop=0}
                      ; - (reexecute) org.springframework.beans.factory.support.AbstractBeanFactory::doGetBean@752 (line 393)
                      ;   {section_word}
  0x000001dc53225ed4: 0200 0048 | bad7 5e22 | 53dc 0100 

  0x000001dc53225ee0: ;   {runtime_call C1 Runtime handle_exception_nofpu_blob}
  0x000001dc53225ee0: 00e8 7a39 | aeff 9049 | 8b87 0805 | 0000 4d33 | d24d 8997 | 0805 0000 | 4d33 d24d | 8997 1005 
  0x000001dc53225f00: 0000 488b | d048 8d84 | 2438 0200 | 0048 8b78 | 0841 8bb7 | 5806 0000 | 493b 7c37 | f80f 8585 
  0x000001dc53225f20: 0500 0041 | 83af 5806 | 0000 0849 | 3b7c 37f0 | 0f84 2a00 | 0000 488b | 07a8 020f | 8512 0000 
  0x000001dc53225f40: 0048 8bf0 | 4883 ce01 | f048 0fb1 | 370f 840d | 0000 0041 | 8387 5806 | 0000 08e9 | 4805 0000 
  0x000001dc53225f60: ; ImmutableOopMap {r8=Oop rax=Oop [208]=Oop [256]=Oop }
                      ;*athrow {reexecute=1 rethrow=0 return_oop=0}
                      ; - (reexecute) org.springframework.beans.factory.support.AbstractBeanFactory::cleanupAfterBeanCreationFailure@27 (line 1774)
                      ; - org.springframework.beans.factory.support.AbstractBeanFactory::doGetBean@747 (line 392)
                      ;   {section_word}
  0x000001dc53225f60: 488b c248 | ba63 5f22 | 53dc 0100 

  0x000001dc53225f6c: ;   {runtime_call C1 Runtime handle_exception_nofpu_blob}
  0x000001dc53225f6c: 00e8 ee38 | aeff 9048 | 8b94 24d0 | 0000 0049 | 8b87 0805 | 0000 4d33 | d24d 8997 | 0805 0000 
  0x000001dc53225f8c: 4d33 d24d | 8997 1005 | 0000 440f | be42 1541 | 83e0 0145 | 85c0 0f85 | bc00 0000 | 4889 8424 
  0x000001dc53225fac: 3002 0000 | 8b72 7c4c | 8b84 2400 | 0100 0048 | 8bd6 0f1f | 8000 0000 | 0048 b800 | f741 46dc 
  0x000001dc53225fcc: ;   {virtual_call}
  0x000001dc53225fcc: 0100 00e8 

  0x000001dc53225fd0: ; ImmutableOopMap {[208]=Oop [256]=Oop [560]=Oop }
                      ;*invokeinterface get {reexecute=0 rethrow=0 return_oop=0}
                      ; - org.springframework.beans.factory.support.AbstractBeanFactory::clearMergedBeanDefinition@5 (line 1508)
                      ; - org.springframework.beans.factory.support.DefaultListableBeanFactory::clearMergedBeanDefinition@2 (line 910)
                      ; - org.springframework.beans.factory.support.AbstractBeanFactory::doGetBean@772 (line 398)
  0x000001dc53225fd0: 8c8d a3ff 

  0x000001dc53225fd4: ;   {post_call_nop}
  0x000001dc53225fd4: 0f1f 8400 | 4c24 005c | 4885 c00f | 8429 0000 

  0x000001dc53225fe4: ;   {metadata('org/springframework/beans/factory/support/RootBeanDefinition')}
  0x000001dc53225fe4: 0048 bff0 | 430f 01dc | 0100 008b | 7008 49ba | 0000 0000 | dc01 0000 | 4903 f248 | 3b7e 500f 
  0x000001dc53226004: 85b5 0400 | 00e9 0000 | 0000 4c8b | c04d 85c0 | 0f84 0f00 | 0000 ba01 | 0000 0041 | 8850 64f0 
  0x000001dc53226024: 8344 24c0 | 0048 8b84 | 2400 0100 | 0048 8b94 | 24d0 0000 | 008b 92c0 | 0000 004c | 8bc0 6666 
  0x000001dc53226044: 9048 b828 | f741 46dc 

  0x000001dc5322604c: ;   {virtual_call}
  0x000001dc5322604c: 0100 00e8 

  0x000001dc53226050: ; ImmutableOopMap {[560]=Oop }
                      ;*invokeinterface remove {reexecute=0 rethrow=0 return_oop=0}
                      ; - org.springframework.beans.factory.support.DefaultListableBeanFactory::clearMergedBeanDefinition@10 (line 911)
                      ; - org.springframework.beans.factory.support.AbstractBeanFactory::doGetBean@772 (line 398)
  0x000001dc53226050: 0c8d a3ff 

  0x000001dc53226054: ;   {post_call_nop}
  0x000001dc53226054: 0f1f 8400 | cc24 005d | 488b 8424 | 3002 0000 | e92d 0500 | 0048 8904 

  0x000001dc5322606c: ;   {runtime_call C1 Runtime throw_class_cast_exception_blob}
  0x000001dc5322606c: 24e8 ee43 

  0x000001dc53226070: ; ImmutableOopMap {[208]=Oop [216]=Oop [232]=Oop [240]=Oop [248]=Oop }
                      ;*checkcast {reexecute=0 rethrow=0 return_oop=0}
                      ; - org.springframework.core.SimpleAliasRegistry::canonicalName@12 (line 216)
                      ; - org.springframework.beans.factory.support.AbstractBeanFactory::transformedBeanName@5 (line 1277)
                      ; - org.springframework.beans.factory.support.AbstractBeanFactory::doGetBean@2 (line 244)
                      ;   {runtime_call C1 Runtime throw_incompatible_class_change_error_blob}
  0x000001dc53226070: aeff e8e9 

  0x000001dc53226074: ; ImmutableOopMap {rdx=Oop r9=Oop r8=Oop [208]=Oop [216]=Oop [232]=Oop [240]=Oop [256]=Oop }
                      ;*invokeinterface start {reexecute=0 rethrow=0 return_oop=0}
                      ; - org.springframework.beans.factory.support.AbstractBeanFactory::doGetBean@225 (line 294)
                      ;   {runtime_call C1 Runtime throw_null_pointer_exception_blob}
  0x000001dc53226074: 46ae ffe8 

  0x000001dc53226078: ; ImmutableOopMap {rdx=Oop r9=Oop [208]=Oop [216]=Oop [232]=Oop [240]=Oop [256]=Oop }
                      ;*invokeinterface start {reexecute=0 rethrow=0 return_oop=0}
                      ; - org.springframework.beans.factory.support.AbstractBeanFactory::doGetBean@225 (line 294)
  0x000001dc53226078: e41f aeff 

  0x000001dc5322607c: ; implicit exception: dispatches to 0x000001dc532264cc
  0x000001dc5322607c: 448b 400c | 4983 f800 | 0f84 a0e4 | ffff 4c89 

  0x000001dc5322608c: ;   {runtime_call g1_pre_barrier_slow}
  0x000001dc5322608c: 0424 e8cd | 76ae ffe9 | 92e4 ffff 

  0x000001dc53226098: ;   {runtime_call C1 Runtime throw_null_pointer_exception_blob}
  0x000001dc53226098: e8c3 1fae 

  0x000001dc5322609c: ; ImmutableOopMap {rax=Oop r9=Oop [208]=Oop [216]=Oop [232]=Oop [240]=Oop [256]=Oop }
                      ;*invokestatic linkToSpecial {reexecute=0 rethrow=0 return_oop=0}
                      ; - java.lang.invoke.DirectMethodHandle$Holder::newInvokeSpecial@16
                      ; - java.lang.invoke.Invokers$Holder::linkToTargetMethod@5
                      ; - org.springframework.beans.factory.support.AbstractBeanFactory::doGetBean@254 (line 298)
  0x000001dc5322609c: ff49 83f9 | 000f 84a6 | e4ff ff48 

  0x000001dc532260a8: ;   {runtime_call g1_post_barrier_slow}
  0x000001dc532260a8: 8904 24e8 | b079 aeff | e998 e4ff 

  0x000001dc532260b4: ;   {runtime_call C1 Runtime throw_null_pointer_exception_blob}
  0x000001dc532260b4: ffe8 a61f 

  0x000001dc532260b8: ; ImmutableOopMap {rax=Oop [208]=Oop [216]=Oop [232]=Oop [240]=Oop [256]=Oop [296]=Oop }
                      ;*invokevirtual isAbstract {reexecute=0 rethrow=0 return_oop=0}
                      ; - org.springframework.beans.factory.support.AbstractBeanFactory::checkMergedBeanDefinition@1 (line 1497)
                      ; - org.springframework.beans.factory.support.AbstractBeanFactory::doGetBean@279 (line 301)
                      ;   {runtime_call C1 Runtime throw_null_pointer_exception_blob}
  0x000001dc532260b8: aeff e8a1 

  0x000001dc532260bc: ; ImmutableOopMap {rax=Oop rsi=Oop [208]=Oop [216]=Oop [232]=Oop [240]=Oop [256]=Oop [288]=Oop [296]=Oop }
                      ;*arraylength {reexecute=0 rethrow=0 return_oop=0}
                      ; - org.springframework.beans.factory.support.AbstractBeanFactory::doGetBean@300 (line 306)
                      ;   {runtime_call C1 Runtime throw_null_pointer_exception_blob}
  0x000001dc532260bc: 1fae ffe8 

  0x000001dc532260c0: ; ImmutableOopMap {rsi=Oop rdx=Oop r13=Oop r14=Oop rdi=Oop [208]=Oop [216]=Oop [232]=Oop [240]=Oop [288]=Oop [296]=Oop }
                      ;*monitorenter {reexecute=0 rethrow=0 return_oop=0}
                      ; - org.springframework.beans.factory.support.DefaultSingletonBeanRegistry::isDependent@6 (line 439)
                      ; - org.springframework.beans.factory.support.AbstractBeanFactory::doGetBean@325 (line 307)
  0x000001dc532260c0: 9c1f aeff | 4c89 7424 | 084c 8904 

  0x000001dc532260cc: ;   {runtime_call C1 Runtime monitorenter_nofpu_blob}
  0x000001dc532260cc: 24e8 8e4f 

  0x000001dc532260d0: ; ImmutableOopMap {rsi=Oop rdx=Oop r13=Oop r14=Oop rdi=Oop [208]=Oop [216]=Oop [232]=Oop [240]=Oop [288]=Oop [296]=Oop [576]=Oop }
                      ;*monitorenter {reexecute=0 rethrow=0 return_oop=0}
                      ; - org.springframework.beans.factory.support.DefaultSingletonBeanRegistry::isDependent@6 (line 439)
                      ; - org.springframework.beans.factory.support.AbstractBeanFactory::doGetBean@325 (line 307)
  0x000001dc532260d0: aeff e94a | e5ff ff48 | 8d84 2438 | 0200 0048 

  0x000001dc532260e0: ;   {runtime_call C1 Runtime monitorexit_nofpu_blob}
  0x000001dc532260e0: 8904 24e8 | 7855 aeff | e9dd e5ff | ff44 8b40 | 0c49 83f8 | 000f 842f | e7ff ff4c 

  0x000001dc532260fc: ;   {runtime_call g1_pre_barrier_slow}
  0x000001dc532260fc: 8904 24e8 | 5c76 aeff | e921 e7ff 

  0x000001dc53226108: ;   {runtime_call C1 Runtime throw_null_pointer_exception_blob}
  0x000001dc53226108: ffe8 521f 

  0x000001dc5322610c: ; ImmutableOopMap {rax=Oop rdx=Oop [208]=Oop [216]=Oop [232]=Oop [240]=Oop [256]=Oop [296]=Oop }
                      ;*invokestatic linkToSpecial {reexecute=0 rethrow=0 return_oop=0}
                      ; - java.lang.invoke.LambdaForm$DMH/0x000001dc01034400::newInvokeSpecial@24
                      ; - java.lang.invoke.Invokers$Holder::linkToTargetMethod@9
                      ; - org.springframework.beans.factory.support.AbstractBeanFactory::doGetBean@471 (line 335)
  0x000001dc5322610c: aeff 4883 | fa00 0f84 | 35e7 ffff | 4889 0424 

  0x000001dc5322611c: ;   {runtime_call g1_post_barrier_slow}
  0x000001dc5322611c: e83f 79ae | ffe9 27e7 | ffff 448b | 4010 4983 | f800 0f84 | 27e7 ffff | 4c89 0424 

  0x000001dc53226138: ;   {runtime_call g1_pre_barrier_slow}
  0x000001dc53226138: e823 76ae | ffe9 19e7 | ffff 4883 | fe00 0f84 | 32e7 ffff | 4889 0424 

  0x000001dc53226150: ;   {runtime_call g1_post_barrier_slow}
  0x000001dc53226150: e80b 79ae | ffe9 24e7 | ffff 448b | 4014 4983 | f800 0f84 | 24e7 ffff | 4c89 0424 

  0x000001dc5322616c: ;   {runtime_call g1_pre_barrier_slow}
  0x000001dc5322616c: e8ef 75ae | ffe9 16e7 | ffff 4883 | ff00 0f84 | 2fe7 ffff | 4889 0424 

  0x000001dc53226184: ;   {runtime_call g1_post_barrier_slow}
  0x000001dc53226184: e8d7 78ae | ffe9 21e7 | ffff 448b | 4018 4983 | f800 0f84 | 21e7 ffff | 4c89 0424 

  0x000001dc532261a0: ;   {runtime_call g1_pre_barrier_slow}
  0x000001dc532261a0: e8bb 75ae | ffe9 13e7 | ffff 4883 | fb00 0f84 | 2ce7 ffff | 4889 0424 

  0x000001dc532261b8: ;   {runtime_call g1_post_barrier_slow}
  0x000001dc532261b8: e8a3 78ae | ffe9 1ee7 

  0x000001dc532261c0: ;   {runtime_call C1 Runtime throw_null_pointer_exception_blob}
  0x000001dc532261c0: ffff e899 

  0x000001dc532261c4: ; ImmutableOopMap {rax=Oop rdx=Oop rsi=Oop [208]=Oop [232]=Oop [240]=Oop [256]=Oop [296]=Oop }
                      ;*invokevirtual get {reexecute=0 rethrow=0 return_oop=0}
                      ; - org.springframework.beans.factory.support.AbstractAutowireCapableBeanFactory::getObjectForBeanInstance@4 (line 1273)
                      ; - org.springframework.beans.factory.support.AbstractBeanFactory::doGetBean@489 (line 347)
  0x000001dc532261c4: 1eae ff48 

  0x000001dc532261c8: ;   {runtime_call C1 Runtime throw_class_cast_exception_blob}
  0x000001dc532261c8: 8904 24e8 

  0x000001dc532261cc: ; ImmutableOopMap {[208]=Oop [232]=Oop [240]=Oop [256]=Oop [296]=Oop [312]=Oop }
                      ;*checkcast {reexecute=0 rethrow=0 return_oop=0}
                      ; - org.springframework.beans.factory.support.AbstractAutowireCapableBeanFactory::getObjectForBeanInstance@7 (line 1273)
                      ; - org.springframework.beans.factory.support.AbstractBeanFactory::doGetBean@489 (line 347)
  0x000001dc532261cc: 9042 aeff 

  0x000001dc532261d0: ;   {runtime_call C1 Runtime throw_null_pointer_exception_blob}
  0x000001dc532261d0: e88b 1eae 

  0x000001dc532261d4: ; ImmutableOopMap {rdx=Oop rsi=Oop [208]=Oop [232]=Oop [240]=Oop [256]=Oop [296]=Oop [320]=Oop }
                      ;*invokevirtual get {reexecute=0 rethrow=0 return_oop=0}
                      ; - org.springframework.beans.factory.support.AbstractAutowireCapableBeanFactory::getObjectForBeanInstance@4 (line 1273)
                      ; - org.springframework.beans.factory.support.AbstractBeanFactory::doGetBean@553 (line 360)
  0x000001dc532261d4: ff48 8904 

  0x000001dc532261d8: ;   {runtime_call C1 Runtime throw_class_cast_exception_blob}
  0x000001dc532261d8: 24e8 8242 

  0x000001dc532261dc: ; ImmutableOopMap {[208]=Oop [232]=Oop [240]=Oop [256]=Oop [296]=Oop [320]=Oop }
                      ;*checkcast {reexecute=0 rethrow=0 return_oop=0}
                      ; - org.springframework.beans.factory.support.AbstractAutowireCapableBeanFactory::getObjectForBeanInstance@7 (line 1273)
                      ; - org.springframework.beans.factory.support.AbstractBeanFactory::doGetBean@553 (line 360)
                      ;   {runtime_call C1 Runtime throw_null_pointer_exception_blob}
  0x000001dc532261dc: aeff e87d 

  0x000001dc532261e0: ; ImmutableOopMap {rax=Oop rsi=Oop [208]=Oop [216]=Oop [232]=Oop [240]=Oop [256]=Oop [296]=Oop }
                      ;*invokevirtual isEmpty {reexecute=0 rethrow=0 return_oop=0}
                      ; - org.springframework.util.StringUtils::hasLength@5 (line 139)
                      ; - org.springframework.beans.factory.support.AbstractBeanFactory::doGetBean@570 (line 365)
                      ;   {runtime_call C1 Runtime throw_null_pointer_exception_blob}
  0x000001dc532261e0: 1eae ffe8 

  0x000001dc532261e4: ; ImmutableOopMap {rax=Oop rsi=Oop [208]=Oop [216]=Oop [232]=Oop [240]=Oop [256]=Oop [296]=Oop }
                      ;*arraylength {reexecute=0 rethrow=0 return_oop=0}
                      ; - java.lang.String::isEmpty@4 (line 1593)
                      ; - org.springframework.util.StringUtils::hasLength@5 (line 139)
                      ; - org.springframework.beans.factory.support.AbstractBeanFactory::doGetBean@570 (line 365)
  0x000001dc532261e4: 781e aeff | 4889 0424 

  0x000001dc532261ec: ;   {runtime_call C1 Runtime throw_class_cast_exception_blob}
  0x000001dc532261ec: e86f 42ae 

  0x000001dc532261f0: ; ImmutableOopMap {[208]=Oop [216]=Oop [232]=Oop [240]=Oop [256]=Oop [296]=Oop [328]=Oop }
                      ;*checkcast {reexecute=0 rethrow=0 return_oop=0}
                      ; - org.springframework.beans.factory.support.AbstractBeanFactory::doGetBean@602 (line 368)
  0x000001dc532261f0: ff48 be00 | 0000 0000 | 0000 00b8 | 000f 050a 

  0x000001dc53226200: ;   {runtime_call C1 Runtime load_appendix_patching_blob}
  0x000001dc53226200: e8db 67ae 

  0x000001dc53226204: ; ImmutableOopMap {rdx=Oop [208]=Oop [216]=Oop [232]=Oop [240]=Oop [256]=Oop [296]=Oop [328]=Oop [336]=Oop }
                      ;*invokedynamic {reexecute=1 rethrow=0 return_oop=0}
                      ; - (reexecute) org.springframework.beans.factory.support.AbstractBeanFactory::doGetBean@637 (line 373)
  0x000001dc53226204: ffe9 46ea 

  0x000001dc53226208: ;   {runtime_call C1 Runtime throw_null_pointer_exception_blob}
  0x000001dc53226208: ffff e851 

  0x000001dc5322620c: ; ImmutableOopMap {rax=Oop rdx=Oop rsi=Oop [208]=Oop [232]=Oop [240]=Oop [256]=Oop [296]=Oop [328]=Oop }
                      ;*invokevirtual get {reexecute=0 rethrow=0 return_oop=0}
                      ; - org.springframework.beans.factory.support.AbstractAutowireCapableBeanFactory::getObjectForBeanInstance@4 (line 1273)
                      ; - org.springframework.beans.factory.support.AbstractBeanFactory::doGetBean@657 (line 382)
  0x000001dc5322620c: 1eae ff48 

  0x000001dc53226210: ;   {runtime_call C1 Runtime throw_class_cast_exception_blob}
  0x000001dc53226210: 8904 24e8 

  0x000001dc53226214: ; ImmutableOopMap {[208]=Oop [232]=Oop [240]=Oop [256]=Oop [296]=Oop [328]=Oop [344]=Oop }
                      ;*checkcast {reexecute=0 rethrow=0 return_oop=0}
                      ; - org.springframework.beans.factory.support.AbstractAutowireCapableBeanFactory::getObjectForBeanInstance@7 (line 1273)
                      ; - org.springframework.beans.factory.support.AbstractBeanFactory::doGetBean@657 (line 382)
  0x000001dc53226214: 4842 aeff | 4889 0424 

  0x000001dc5322621c: ;   {runtime_call C1 Runtime throw_class_cast_exception_blob}
  0x000001dc5322621c: e83f 42ae 

  0x000001dc53226220: ; ImmutableOopMap {[208]=Oop [232]=Oop [240]=Oop [256]=Oop [352]=Oop }
                      ;*checkcast {reexecute=0 rethrow=0 return_oop=0}
                      ; - org.springframework.beans.factory.support.AbstractBeanFactory::clearMergedBeanDefinition@10 (line 1508)
                      ; - org.springframework.beans.factory.support.DefaultListableBeanFactory::clearMergedBeanDefinition@2 (line 910)
                      ; - org.springframework.beans.factory.support.AbstractBeanFactory::doGetBean@698 (line 398)
                      ;   {runtime_call C1 Runtime throw_null_pointer_exception_blob}
  0x000001dc53226220: ffe8 3a1e 

  0x000001dc53226224: ; ImmutableOopMap {[208]=Oop [232]=Oop [240]=Oop [256]=Oop [352]=Oop }
                      ;*putfield stale {reexecute=1 rethrow=0 return_oop=0}
                      ; - (reexecute) org.springframework.beans.factory.support.AbstractBeanFactory::clearMergedBeanDefinition@20 (line 1510)
                      ; - org.springframework.beans.factory.support.DefaultListableBeanFactory::clearMergedBeanDefinition@2 (line 910)
                      ; - org.springframework.beans.factory.support.AbstractBeanFactory::doGetBean@698 (line 398)
                      ;   {runtime_call C1 Runtime throw_null_pointer_exception_blob}
  0x000001dc53226224: aeff e835 

  0x000001dc53226228: ; ImmutableOopMap {rbx=Oop [208]=Oop [256]=Oop [272]=Oop [296]=Oop }
                      ;*new {reexecute=0 rethrow=0 return_oop=0}
                      ; - org.springframework.beans.factory.support.AbstractBeanFactory::doGetBean@331 (line 308)
  0x000001dc53226228: 1eae ff48 

  0x000001dc5322622c: ;   {runtime_call C1 Runtime fast_new_instance_init_check_blob}
  0x000001dc5322622c: 8bd2 e82d 

  0x000001dc53226230: ; ImmutableOopMap {rbx=Oop [208]=Oop [256]=Oop [272]=Oop [296]=Oop }
                      ;*new {reexecute=0 rethrow=0 return_oop=0}
                      ; - org.springframework.beans.factory.support.AbstractBeanFactory::doGetBean@331 (line 308)
  0x000001dc53226230: 2aae ffe9 | 62ec ffff 

  0x000001dc53226238: ;   {runtime_call C1 Runtime throw_null_pointer_exception_blob}
  0x000001dc53226238: e823 1eae 

  0x000001dc5322623c: ; ImmutableOopMap {rax=Oop r8=Oop [216]=Oop [232]=Oop [240]=Oop [264]=Oop }
                      ;*invokevirtual startsWith {reexecute=0 rethrow=0 return_oop=0}
                      ; - org.springframework.beans.factory.support.AbstractBeanFactory::originalBeanName@10 (line 1287)
                      ; - org.springframework.beans.factory.support.AbstractBeanFactory::doGetBean@136 (line 273)
  0x000001dc5322623c: ff49 b800 | 0000 0000 | 0000 00b8 | 000f 050a 

  0x000001dc5322624c: ;   {runtime_call C1 Runtime load_appendix_patching_blob}
  0x000001dc5322624c: e88f 67ae 

  0x000001dc53226250: ; ImmutableOopMap {rax=Oop [216]=Oop [232]=Oop [264]=Oop }
                      ;*invokedynamic {reexecute=1 rethrow=0 return_oop=0}
                      ; - (reexecute) org.springframework.beans.factory.support.AbstractBeanFactory::originalBeanName@17 (line 1288)
                      ; - org.springframework.beans.factory.support.AbstractBeanFactory::doGetBean@136 (line 273)
  0x000001dc53226250: ffe9 daec | ffff 49b8 | 0000 0000 | 0000 0000 | b800 0f05 

  0x000001dc53226264: ;   {runtime_call C1 Runtime load_appendix_patching_blob}
  0x000001dc53226264: 0ae8 7667 

  0x000001dc53226268: ; ImmutableOopMap {rdx=Oop rsi=Oop [208]=Oop [232]=Oop [240]=Oop [256]=Oop [368]=Oop }
                      ;*invokedynamic {reexecute=1 rethrow=0 return_oop=0}
                      ; - (reexecute) org.springframework.beans.factory.support.AbstractBeanFactory::doGetBean@51 (line 252)
  0x000001dc53226268: aeff e9d9 | edff ff49 | b800 0000 | 0000 0000 | 00b8 000f 

  0x000001dc5322627c: ;   {runtime_call C1 Runtime load_appendix_patching_blob}
  0x000001dc5322627c: 050a e85d 

  0x000001dc53226280: ; ImmutableOopMap {rdx=Oop rsi=Oop [208]=Oop [232]=Oop [240]=Oop [256]=Oop [368]=Oop }
                      ;*invokedynamic {reexecute=1 rethrow=0 return_oop=0}
                      ; - (reexecute) org.springframework.beans.factory.support.AbstractBeanFactory::doGetBean@70 (line 256)
  0x000001dc53226280: 67ae ffe9 | 20ee ffff 

  0x000001dc53226288: ;   {runtime_call C1 Runtime throw_null_pointer_exception_blob}
  0x000001dc53226288: e8d3 1dae 

  0x000001dc5322628c: ; ImmutableOopMap {rdx=Oop rsi=Oop [208]=Oop [232]=Oop [240]=Oop [256]=Oop [368]=Oop }
                      ;*invokevirtual get {reexecute=0 rethrow=0 return_oop=0}
                      ; - org.springframework.beans.factory.support.AbstractAutowireCapableBeanFactory::getObjectForBeanInstance@4 (line 1273)
                      ; - org.springframework.beans.factory.support.AbstractBeanFactory::doGetBean@87 (line 259)
  0x000001dc5322628c: ff48 8904 

  0x000001dc53226290: ;   {runtime_call C1 Runtime throw_class_cast_exception_blob}
  0x000001dc53226290: 24e8 ca41 

  0x000001dc53226294: ; ImmutableOopMap {[208]=Oop [232]=Oop [240]=Oop [256]=Oop [368]=Oop }
                      ;*checkcast {reexecute=0 rethrow=0 return_oop=0}
                      ; - org.springframework.beans.factory.support.AbstractAutowireCapableBeanFactory::getObjectForBeanInstance@7 (line 1273)
                      ; - org.springframework.beans.factory.support.AbstractBeanFactory::doGetBean@87 (line 259)
                      ;   {runtime_call C1 Runtime throw_null_pointer_exception_blob}
  0x000001dc53226294: aeff e8c5 

  0x000001dc53226298: ; ImmutableOopMap {r9=Oop rbx=Oop [208]=Oop [232]=Oop [256]=Oop [296]=Oop [392]=Oop }
                      ;*new {reexecute=0 rethrow=0 return_oop=0}
                      ; - org.springframework.beans.factory.support.AbstractBeanFactory::doGetBean@407 (line 323)
  0x000001dc53226298: 1dae ff48 

  0x000001dc5322629c: ;   {runtime_call C1 Runtime fast_new_instance_init_check_blob}
  0x000001dc5322629c: 8bd2 e8bd 

  0x000001dc532262a0: ; ImmutableOopMap {r9=Oop rbx=Oop [208]=Oop [232]=Oop [256]=Oop [296]=Oop [392]=Oop }
                      ;*new {reexecute=0 rethrow=0 return_oop=0}
                      ; - org.springframework.beans.factory.support.AbstractBeanFactory::doGetBean@407 (line 323)
  0x000001dc532262a0: 29ae ffe9 | 8eef ffff 

  0x000001dc532262a8: ;   {runtime_call C1 Runtime throw_null_pointer_exception_blob}
  0x000001dc532262a8: e8b3 1dae 

  0x000001dc532262ac: ; ImmutableOopMap {rax=Oop r9=Oop [208]=Oop [232]=Oop [256]=Oop [392]=Oop [400]=Oop [408]=Oop [416]=Oop }
                      ;*invokevirtual getSimpleName {reexecute=0 rethrow=0 return_oop=0}
                      ; - org.springframework.beans.factory.support.AbstractBeanFactory::doGetBean@424 (line 325)
                      ;   {runtime_call C1 Runtime throw_null_pointer_exception_blob}
  0x000001dc532262ac: ffe8 ae1d 

  0x000001dc532262b0: ; ImmutableOopMap {rax=Oop [208]=Oop [232]=Oop [256]=Oop [392]=Oop [400]=Oop [408]=Oop [416]=Oop }
                      ;*getfield simpleName {reexecute=1 rethrow=0 return_oop=0}
                      ; - (reexecute) java.lang.Class::getSimpleName@6 (line 1672)
                      ; - org.springframework.beans.factory.support.AbstractBeanFactory::doGetBean@424 (line 325)
                      ;   {runtime_call C1 Runtime throw_null_pointer_exception_blob}
  0x000001dc532262b0: aeff e8a9 

  0x000001dc532262b4: ; ImmutableOopMap {rbx=Oop [208]=Oop [256]=Oop [272]=Oop [296]=Oop [424]=Oop }
                      ;*new {reexecute=0 rethrow=0 return_oop=0}
                      ; - org.springframework.beans.factory.support.AbstractBeanFactory::doGetBean@375 (line 316)
  0x000001dc532262b4: 1dae ff48 

  0x000001dc532262b8: ;   {runtime_call C1 Runtime fast_new_instance_init_check_blob}
  0x000001dc532262b8: 8bd2 e8a1 

  0x000001dc532262bc: ; ImmutableOopMap {rbx=Oop [208]=Oop [256]=Oop [272]=Oop [296]=Oop [424]=Oop }
                      ;*new {reexecute=0 rethrow=0 return_oop=0}
                      ; - org.springframework.beans.factory.support.AbstractBeanFactory::doGetBean@375 (line 316)
  0x000001dc532262bc: 29ae ffe9 | a5f0 ffff 

  0x000001dc532262c4: ;   {internal_word}
  0x000001dc532262c4: 49ba ec53 | 2253 dc01 | 0000 4d89 | 9760 0400 

  0x000001dc532262d4: ;   {runtime_call SafepointBlob}
  0x000001dc532262d4: 00e9 06fa 

  0x000001dc532262d8: ;   {internal_word}
  0x000001dc532262d8: a3ff 49ba | 1c54 2253 | dc01 0000 | 4d89 9760 

  0x000001dc532262e8: ;   {runtime_call SafepointBlob}
  0x000001dc532262e8: 0400 00e9 | f0f9 a3ff 

  0x000001dc532262f0: ;   {internal_word}
  0x000001dc532262f0: 49ba 5454 | 2253 dc01 | 0000 4d89 | 9760 0400 

  0x000001dc53226300: ;   {runtime_call SafepointBlob}
  0x000001dc53226300: 00e9 daf9 | a3ff 4889 

  0x000001dc53226308: ;   {runtime_call C1 Runtime throw_class_cast_exception_blob}
  0x000001dc53226308: 3424 e851 

  0x000001dc5322630c: ; ImmutableOopMap {rax=Oop rdi=Oop [216]=Oop [232]=Oop }
                      ;*checkcast {reexecute=0 rethrow=0 return_oop=0}
                      ; - org.springframework.beans.factory.support.AbstractBeanFactory::doGetBean@151 (line 274)
                      ;   {runtime_call C1 Runtime throw_null_pointer_exception_blob}
  0x000001dc5322630c: 41ae ffe8 

  0x000001dc53226310: ; ImmutableOopMap {rax=Oop rdi=Oop rdx=Oop [216]=Oop [232]=Oop }
                      ;*invokevirtual doGetBean {reexecute=0 rethrow=0 return_oop=0}
                      ; - org.springframework.beans.factory.support.AbstractBeanFactory::doGetBean@164 (line 275)
  0x000001dc53226310: 4c1d aeff 

  0x000001dc53226314: ;   {internal_word}
  0x000001dc53226314: 49ba c454 | 2253 dc01 | 0000 4d89 | 9760 0400 

  0x000001dc53226324: ;   {runtime_call SafepointBlob}
  0x000001dc53226324: 00e9 b6f9 

  0x000001dc53226328: ;   {internal_word}
  0x000001dc53226328: a3ff 49ba | 3c55 2253 | dc01 0000 | 4d89 9760 

  0x000001dc53226338: ;   {runtime_call SafepointBlob}
  0x000001dc53226338: 0400 00e9 | a0f9 a3ff | 49b9 0000 | 0000 0000 | 0000 b800 

  0x000001dc5322634c: ;   {runtime_call C1 Runtime load_appendix_patching_blob}
  0x000001dc5322634c: 0f05 0ae8 

  0x000001dc53226350: ; ImmutableOopMap {[208]=Oop [256]=Oop [272]=Oop [424]=Oop [432]=Oop [440]=Oop }
                      ;*invokedynamic {reexecute=1 rethrow=0 return_oop=0}
                      ; - (reexecute) org.springframework.beans.factory.support.AbstractBeanFactory::doGetBean@390 (line 316)
  0x000001dc53226350: 8c66 aeff | e927 f2ff | ff8b 7234 | 4883 fe00 | 0f84 c3f2 | ffff 4889 

  0x000001dc53226368: ;   {runtime_call g1_pre_barrier_slow}
  0x000001dc53226368: 3424 e8f1 | 73ae ffe9 | b5f2 ffff | 4883 f800 | 0f84 c6f2 | ffff 4889 

  0x000001dc53226380: ;   {runtime_call g1_post_barrier_slow}
  0x000001dc53226380: 1424 e8d9 | 76ae ffe9 | b8f2 ffff | 48be 0000 | 0000 0000 | 0000 b800 

  0x000001dc53226398: ;   {runtime_call C1 Runtime load_appendix_patching_blob}
  0x000001dc53226398: 0f05 0ae8 

  0x000001dc5322639c: ; ImmutableOopMap {rax=Oop [208]=Oop [256]=Oop [392]=Oop [400]=Oop [408]=Oop [416]=Oop [456]=Oop }
                      ;*invokedynamic {reexecute=1 rethrow=0 return_oop=0}
                      ; - (reexecute) org.springframework.beans.factory.support.AbstractBeanFactory::doGetBean@434 (line 326)
  0x000001dc5322639c: 4066 aeff | e9d3 f2ff | ff49 b900 | 0000 0000 | 0000 00b8 | 000f 050a 

  0x000001dc532263b4: ;   {runtime_call C1 Runtime load_appendix_patching_blob}
  0x000001dc532263b4: e827 66ae 

  0x000001dc532263b8: ; ImmutableOopMap {[208]=Oop [256]=Oop [272]=Oop [464]=Oop [472]=Oop }
                      ;*invokedynamic {reexecute=1 rethrow=0 return_oop=0}
                      ; - (reexecute) org.springframework.beans.factory.support.AbstractBeanFactory::doGetBean@346 (line 308)
  0x000001dc532263b8: ffe9 82f3 | ffff 488b 

  0x000001dc532263c0: ;   {runtime_call C1 Runtime fast_new_instance_blob}
  0x000001dc532263c0: d2e8 9a25 

  0x000001dc532263c4: ; ImmutableOopMap {[208]=Oop [256]=Oop [328]=Oop }
                      ;*new {reexecute=0 rethrow=0 return_oop=0}
                      ; - org.springframework.beans.factory.support.AbstractBeanFactory::doGetBean@612 (line 370)
  0x000001dc532263c4: aeff e939 | f4ff ff49 | b800 0000 | 0000 0000 | 00b8 000f 

  0x000001dc532263d8: ;   {runtime_call C1 Runtime load_appendix_patching_blob}
  0x000001dc532263d8: 050a e801 

  0x000001dc532263dc: ; ImmutableOopMap {rax=Oop [208]=Oop [256]=Oop [328]=Oop }
                      ;*invokedynamic {reexecute=1 rethrow=0 return_oop=0}
                      ; - (reexecute) org.springframework.beans.factory.support.AbstractBeanFactory::doGetBean@618 (line 370)
  0x000001dc532263dc: 66ae ffe9 | 24f4 ffff 

  0x000001dc532263e4: ;   {runtime_call C1 Runtime fast_new_instance_blob}
  0x000001dc532263e4: 488b d2e8 

  0x000001dc532263e8: ; ImmutableOopMap {[208]=Oop [256]=Oop }
                      ;*new {reexecute=0 rethrow=0 return_oop=0}
                      ; - org.springframework.beans.factory.support.AbstractBeanFactory::doGetBean@576 (line 366)
  0x000001dc532263e8: 7425 aeff | e9cb f4ff | ff49 b800 | 0000 0000 | 0000 00b8 | 000f 050a 

  0x000001dc53226400: ;   {runtime_call C1 Runtime load_appendix_patching_blob}
  0x000001dc53226400: e8db 65ae 

  0x000001dc53226404: ; ImmutableOopMap {rax=Oop [208]=Oop [256]=Oop }
                      ;*invokedynamic {reexecute=1 rethrow=0 return_oop=0}
                      ; - (reexecute) org.springframework.beans.factory.support.AbstractBeanFactory::doGetBean@582 (line 366)
  0x000001dc53226404: ffe9 b6f4 

  0x000001dc53226408: ;   {runtime_call C1 Runtime throw_null_pointer_exception_blob}
  0x000001dc53226408: ffff e851 

  0x000001dc5322640c: ; ImmutableOopMap {[208]=Oop [216]=Oop [232]=Oop [240]=Oop [256]=Oop [296]=Oop }
                      ;*new {reexecute=0 rethrow=0 return_oop=0}
                      ; - org.springframework.beans.factory.support.AbstractBeanFactory::checkMergedBeanDefinition@7 (line 1498)
                      ; - org.springframework.beans.factory.support.AbstractBeanFactory::doGetBean@279 (line 301)
  0x000001dc5322640c: 1cae ff48 

  0x000001dc53226410: ;   {runtime_call C1 Runtime fast_new_instance_init_check_blob}
  0x000001dc53226410: 8bd2 e849 

  0x000001dc53226414: ; ImmutableOopMap {[208]=Oop [216]=Oop [232]=Oop [240]=Oop [256]=Oop [296]=Oop }
                      ;*new {reexecute=0 rethrow=0 return_oop=0}
                      ; - org.springframework.beans.factory.support.AbstractBeanFactory::checkMergedBeanDefinition@7 (line 1498)
                      ; - org.springframework.beans.factory.support.AbstractBeanFactory::doGetBean@279 (line 301)
  0x000001dc53226414: 28ae ffe9 | 69f5 ffff 

  0x000001dc5322641c: ;   {runtime_call C1 Runtime fast_new_instance_blob}
  0x000001dc5322641c: 488b d2e8 

  0x000001dc53226420: ; ImmutableOopMap {[208]=Oop [216]=Oop [232]=Oop [240]=Oop [256]=Oop }
                      ;*new {reexecute=0 rethrow=0 return_oop=0}
                      ; - java.util.Objects::requireNonNull@4 (line 220)
                      ; - org.springframework.beans.factory.support.AbstractBeanFactory::doGetBean@250 (line 298)
  0x000001dc53226420: 3c25 aeff | e9f7 f5ff | ff48 8bd2 

  0x000001dc5322642c: ;   {runtime_call C1 Runtime fast_new_instance_blob}
  0x000001dc5322642c: e82f 25ae 

  0x000001dc53226430: ; ImmutableOopMap {[208]=Oop [216]=Oop [232]=Oop [240]=Oop [256]=Oop [264]=Oop }
                      ;*new {reexecute=0 rethrow=0 return_oop=0}
                      ; - org.springframework.util.Assert::notNull@4 (line 172)
                      ; - org.springframework.beans.factory.support.DefaultListableBeanFactory::containsBeanDefinition@3 (line 366)
                      ; - org.springframework.beans.factory.support.AbstractBeanFactory::doGetBean@128 (line 271)
  0x000001dc53226430: ffe9 7ef6 

  0x000001dc53226434: ;   {runtime_call C1 Runtime throw_null_pointer_exception_blob}
  0x000001dc53226434: ffff e825 

  0x000001dc53226438: ; ImmutableOopMap {[256]=Oop }
                      ;*new {reexecute=0 rethrow=0 return_oop=0}
                      ; - org.springframework.beans.factory.support.AbstractBeanFactory::doGetBean@104 (line 266)
  0x000001dc53226438: 1cae ff48 

  0x000001dc5322643c: ;   {runtime_call C1 Runtime fast_new_instance_init_check_blob}
  0x000001dc5322643c: 8bd2 e81d 

  0x000001dc53226440: ; ImmutableOopMap {[256]=Oop }
                      ;*new {reexecute=0 rethrow=0 return_oop=0}
                      ; - org.springframework.beans.factory.support.AbstractBeanFactory::doGetBean@104 (line 266)
  0x000001dc53226440: 28ae ffe9 | 0af7 ffff 

  0x000001dc53226448: ;   {runtime_call C1 Runtime throw_null_pointer_exception_blob}
  0x000001dc53226448: e813 1cae 

  0x000001dc5322644c: ; ImmutableOopMap {r9=Oop rbx=Oop [208]=Oop [256]=Oop }
                      ;*new {reexecute=0 rethrow=0 return_oop=0}
                      ; - org.springframework.beans.factory.support.AbstractBeanFactory::doGetBean@667 (line 385)
  0x000001dc5322644c: ff48 8bd2 

  0x000001dc53226450: ;   {runtime_call C1 Runtime fast_new_instance_init_check_blob}
  0x000001dc53226450: e80b 28ae 

  0x000001dc53226454: ; ImmutableOopMap {r9=Oop rbx=Oop [208]=Oop [256]=Oop }
                      ;*new {reexecute=0 rethrow=0 return_oop=0}
                      ; - org.springframework.beans.factory.support.AbstractBeanFactory::doGetBean@667 (line 385)
  0x000001dc53226454: ffe9 aef7 | ffff 488d | 8424 3802 | 0000 4889 

  0x000001dc53226464: ;   {runtime_call C1 Runtime monitorexit_nofpu_blob}
  0x000001dc53226464: 0424 e8f5 | 51ae ffe9 | cdf8 ffff 

  0x000001dc53226470: ;   {runtime_call C1 Runtime throw_null_pointer_exception_blob}
  0x000001dc53226470: e8eb 1bae 

  0x000001dc53226474: ; ImmutableOopMap {rax=Oop rdx=Oop [208]=Oop [256]=Oop }
                      ;*invokevirtual toString {reexecute=0 rethrow=0 return_oop=0}
                      ; - org.springframework.beans.factory.support.AbstractBeanFactory::doGetBean@716 (line 390)
                      ;   {runtime_call C1 Runtime throw_null_pointer_exception_blob}
  0x000001dc53226474: ffe8 e61b 

  0x000001dc53226478: ; ImmutableOopMap {rax=Oop [208]=Oop [256]=Oop [544]=Oop }
                      ;*invokevirtual toString {reexecute=0 rethrow=0 return_oop=0}
                      ; - java.lang.String::valueOf@11 (line 4543)
                      ; - org.springframework.beans.factory.support.AbstractBeanFactory::doGetBean@735 (line 391)
                      ;   {runtime_call C1 Runtime throw_null_pointer_exception_blob}
  0x000001dc53226478: aeff e8e1 

  0x000001dc5322647c: ; ImmutableOopMap {rdx=Oop rsi=Oop [208]=Oop [256]=Oop [544]=Oop }
                      ;*monitorenter {reexecute=0 rethrow=0 return_oop=0}
                      ; - org.springframework.beans.factory.support.AbstractBeanFactory::cleanupAfterBeanCreationFailure@6 (line 1772)
                      ; - org.springframework.beans.factory.support.AbstractBeanFactory::doGetBean@747 (line 392)
  0x000001dc5322647c: 1bae ff48 | 8974 2408 | 4c89 0424 

  0x000001dc53226488: ;   {runtime_call C1 Runtime monitorenter_nofpu_blob}
  0x000001dc53226488: e8d3 4bae 

  0x000001dc5322648c: ; ImmutableOopMap {rdx=Oop rsi=Oop [208]=Oop [256]=Oop [544]=Oop [576]=Oop }
                      ;*monitorenter {reexecute=0 rethrow=0 return_oop=0}
                      ; - org.springframework.beans.factory.support.AbstractBeanFactory::cleanupAfterBeanCreationFailure@6 (line 1772)
                      ; - org.springframework.beans.factory.support.AbstractBeanFactory::doGetBean@747 (line 392)
  0x000001dc5322648c: ffe9 b0f9 | ffff 488d | 8424 3802 | 0000 4889 

  0x000001dc5322649c: ;   {runtime_call C1 Runtime monitorexit_nofpu_blob}
  0x000001dc5322649c: 0424 e8bd | 51ae ffe9 | 27fa ffff | 488d 8424 | 3802 0000 | 4889 0424 

  0x000001dc532264b4: ;   {runtime_call C1 Runtime monitorexit_nofpu_blob}
  0x000001dc532264b4: e8a7 51ae | ffe9 a2fa | ffff 4889 

  0x000001dc532264c0: ;   {runtime_call C1 Runtime throw_class_cast_exception_blob}
  0x000001dc532264c0: 0424 e899 

  0x000001dc532264c4: ; ImmutableOopMap {[208]=Oop [256]=Oop [560]=Oop }
                      ;*checkcast {reexecute=0 rethrow=0 return_oop=0}
                      ; - org.springframework.beans.factory.support.AbstractBeanFactory::clearMergedBeanDefinition@10 (line 1508)
                      ; - org.springframework.beans.factory.support.DefaultListableBeanFactory::clearMergedBeanDefinition@2 (line 910)
                      ; - org.springframework.beans.factory.support.AbstractBeanFactory::doGetBean@772 (line 398)
                      ;   {runtime_call C1 Runtime throw_null_pointer_exception_blob}
  0x000001dc532264c4: 3fae ffe8 

  0x000001dc532264c8: ; ImmutableOopMap {[208]=Oop [256]=Oop [560]=Oop }
                      ;*putfield stale {reexecute=1 rethrow=0 return_oop=0}
                      ; - (reexecute) org.springframework.beans.factory.support.AbstractBeanFactory::clearMergedBeanDefinition@20 (line 1510)
                      ; - org.springframework.beans.factory.support.DefaultListableBeanFactory::clearMergedBeanDefinition@2 (line 910)
                      ; - org.springframework.beans.factory.support.AbstractBeanFactory::doGetBean@772 (line 398)
  0x000001dc532264c8: 941b aeff 

  0x000001dc532264cc: ;   {runtime_call C1 Runtime throw_null_pointer_exception_blob}
  0x000001dc532264cc: e88f 1bae 

  0x000001dc532264d0: ; ImmutableOopMap {rax=Oop [208]=Oop [216]=Oop [232]=Oop [240]=Oop [256]=Oop }
                      ;*invokestatic linkToSpecial {reexecute=0 rethrow=0 return_oop=0}
                      ; - java.lang.invoke.DirectMethodHandle$Holder::newInvokeSpecial@16
                      ; - java.lang.invoke.Invokers$Holder::linkToTargetMethod@5
                      ; - org.springframework.beans.factory.support.AbstractBeanFactory::doGetBean@254 (line 298)
                      ;   {runtime_call C1 Runtime throw_null_pointer_exception_blob}
  0x000001dc532264d0: ffe8 8a1b 

  0x000001dc532264d4: ; ImmutableOopMap {rax=Oop [208]=Oop [216]=Oop [232]=Oop [240]=Oop [256]=Oop [296]=Oop }
                      ;*invokestatic linkToSpecial {reexecute=0 rethrow=0 return_oop=0}
                      ; - java.lang.invoke.LambdaForm$DMH/0x000001dc01034400::newInvokeSpecial@24
                      ; - java.lang.invoke.Invokers$Holder::linkToTargetMethod@9
                      ; - org.springframework.beans.factory.support.AbstractBeanFactory::doGetBean@471 (line 335)
  0x000001dc532264d4: aeff 4c8b | ac24 1001 | 0000 8b8c | 24e4 0000 | 00e9 b2f7 | ffff 4c8b | 8c24 4801 | 0000 e98a 
  0x000001dc532264f4: f6ff ff4c | 8b8c 2448 | 0100 00e9 | 7df6 ffff | 4c8b 8c24 | 4801 0000 | e970 f6ff | ff4c 8b8c 
  0x000001dc53226514: 2448 0100 | 00e9 63f6 | ffff 4c8b | 8c24 4801 | 0000 e956 | f6ff ff4c | 8b84 2420 | 0200 00e9 
  0x000001dc53226534: aff9 ffff | 4889 bc24 | 0001 0000 | e90b f8ff | ff48 89bc | 2400 0100 | 00e9 21fa | ffff 4c8b 
  0x000001dc53226554: 8c24 4801 | 0000 e922 | f6ff ff4c | 8b8c 2448 | 0100 00e9 | 15f6 ffff | 4c8b 8c24 | 4801 0000 
  0x000001dc53226574: e908 f6ff | ff49 8b87 | 0805 0000 | 49c7 8708 | 0500 0000 | 0000 0049 | c787 1005 | 0000 0000 
  0x000001dc53226594: 0000 4881 | c450 0200 

  0x000001dc5322659c: ;   {runtime_call C1 Runtime unwind_exception_blob}
  0x000001dc5322659c: 005d e9bd | 0bae fff4 | f4f4 f4f4 
[Stub Code]
  0x000001dc532265a8: ;   {no_reloc}
  0x000001dc532265a8: 0f1f 4400 

  0x000001dc532265ac: ;   {static_stub}
  0x000001dc532265ac: 0048 bb00 | 0000 0000 

  0x000001dc532265b4: ;   {runtime_call nmethod}
  0x000001dc532265b4: 0000 00e9 | fbff ffff 

  0x000001dc532265bc: ;   {static_stub}
  0x000001dc532265bc: 9048 bb00 | 0000 0000 

  0x000001dc532265c4: ;   {runtime_call nmethod}
  0x000001dc532265c4: 0000 00e9 | fbff ffff 

  0x000001dc532265cc: ;   {static_stub}
  0x000001dc532265cc: 9048 bbb0 | 3489 41dc 

  0x000001dc532265d4: ;   {runtime_call I2C/C2I adapters}
  0x000001dc532265d4: 0100 00e9 | 5ae5 a3ff 

  0x000001dc532265dc: ;   {static_stub}
  0x000001dc532265dc: 9048 bb00 | 0000 0000 

  0x000001dc532265e4: ;   {runtime_call nmethod}
  0x000001dc532265e4: 0000 00e9 | fbff ffff 

  0x000001dc532265ec: ;   {static_stub}
  0x000001dc532265ec: 9048 bbf8 | 5689 41dc 

  0x000001dc532265f4: ;   {runtime_call I2C/C2I adapters}
  0x000001dc532265f4: 0100 00e9 | 3ae5 a3ff 

  0x000001dc532265fc: ;   {static_stub}
  0x000001dc532265fc: 9048 bb00 | 0000 0000 

  0x000001dc53226604: ;   {runtime_call nmethod}
  0x000001dc53226604: 0000 00e9 | fbff ffff 

  0x000001dc5322660c: ;   {static_stub}
  0x000001dc5322660c: 9048 bb70 | ab89 41dc 

  0x000001dc53226614: ;   {runtime_call I2C/C2I adapters}
  0x000001dc53226614: 0100 00e9 | 1efa a3ff 

  0x000001dc5322661c: ;   {static_stub}
  0x000001dc5322661c: 9048 bb00 | 0000 0000 

  0x000001dc53226624: ;   {runtime_call nmethod}
  0x000001dc53226624: 0000 00e9 | fbff ffff 

  0x000001dc5322662c: ;   {static_stub}
  0x000001dc5322662c: 9048 bb80 | 9c89 41dc 

  0x000001dc53226634: ;   {runtime_call I2C/C2I adapters}
  0x000001dc53226634: 0100 00e9 | fef9 a3ff 

  0x000001dc5322663c: ;   {static_stub}
  0x000001dc5322663c: 9048 bb00 | 0000 0000 

  0x000001dc53226644: ;   {runtime_call nmethod}
  0x000001dc53226644: 0000 00e9 | fbff ffff 

  0x000001dc5322664c: ;   {static_stub}
  0x000001dc5322664c: 9048 bb00 | 0000 0000 

  0x000001dc53226654: ;   {runtime_call nmethod}
  0x000001dc53226654: 0000 00e9 | fbff ffff 

  0x000001dc5322665c: ;   {static_stub}
  0x000001dc5322665c: 9048 bb00 | 0000 0000 

  0x000001dc53226664: ;   {runtime_call nmethod}
  0x000001dc53226664: 0000 00e9 | fbff ffff 

  0x000001dc5322666c: ;   {static_stub}
  0x000001dc5322666c: 9048 bb00 | 0000 0000 

  0x000001dc53226674: ;   {runtime_call nmethod}
  0x000001dc53226674: 0000 00e9 | fbff ffff 

  0x000001dc5322667c: ;   {static_stub}
  0x000001dc5322667c: 9048 bb00 | 0000 0000 

  0x000001dc53226684: ;   {runtime_call nmethod}
  0x000001dc53226684: 0000 00e9 | fbff ffff 

  0x000001dc5322668c: ;   {static_stub}
  0x000001dc5322668c: 9048 bb00 | 0000 0000 

  0x000001dc53226694: ;   {runtime_call nmethod}
  0x000001dc53226694: 0000 00e9 | fbff ffff 

  0x000001dc5322669c: ;   {static_stub}
  0x000001dc5322669c: 9048 bb00 | 0000 0000 

  0x000001dc532266a4: ;   {runtime_call nmethod}
  0x000001dc532266a4: 0000 00e9 | fbff ffff 

  0x000001dc532266ac: ;   {static_stub}
  0x000001dc532266ac: 9048 bb00 | 0000 0000 

  0x000001dc532266b4: ;   {runtime_call nmethod}
  0x000001dc532266b4: 0000 00e9 | fbff ffff 

  0x000001dc532266bc: ;   {static_stub}
  0x000001dc532266bc: 9048 bb00 | 0000 0000 

  0x000001dc532266c4: ;   {runtime_call nmethod}
  0x000001dc532266c4: 0000 00e9 | fbff ffff 

  0x000001dc532266cc: ;   {static_stub}
  0x000001dc532266cc: 9048 bb00 | 0000 0000 

  0x000001dc532266d4: ;   {runtime_call nmethod}
  0x000001dc532266d4: 0000 00e9 | fbff ffff 

  0x000001dc532266dc: ;   {static_stub}
  0x000001dc532266dc: 9048 bb00 | 0000 0000 

  0x000001dc532266e4: ;   {runtime_call nmethod}
  0x000001dc532266e4: 0000 00e9 | fbff ffff 

  0x000001dc532266ec: ;   {static_stub}
  0x000001dc532266ec: 9048 bb00 | 0000 0000 

  0x000001dc532266f4: ;   {runtime_call nmethod}
  0x000001dc532266f4: 0000 00e9 | fbff ffff 

  0x000001dc532266fc: ;   {static_stub}
  0x000001dc532266fc: 9048 bb00 | 0000 0000 

  0x000001dc53226704: ;   {runtime_call nmethod}
  0x000001dc53226704: 0000 00e9 | fbff ffff 

  0x000001dc5322670c: ;   {static_stub}
  0x000001dc5322670c: 9048 bb00 | 0000 0000 

  0x000001dc53226714: ;   {runtime_call nmethod}
  0x000001dc53226714: 0000 00e9 | fbff ffff 

  0x000001dc5322671c: ;   {static_stub}
  0x000001dc5322671c: 9048 bb00 | 0000 0000 

  0x000001dc53226724: ;   {runtime_call nmethod}
  0x000001dc53226724: 0000 00e9 | fbff ffff 

  0x000001dc5322672c: ;   {static_stub}
  0x000001dc5322672c: 9048 bb00 | 0000 0000 

  0x000001dc53226734: ;   {runtime_call nmethod}
  0x000001dc53226734: 0000 00e9 | fbff ffff 

  0x000001dc5322673c: ;   {static_stub}
  0x000001dc5322673c: 9048 bb00 | 0000 0000 

  0x000001dc53226744: ;   {runtime_call nmethod}
  0x000001dc53226744: 0000 00e9 | fbff ffff 

  0x000001dc5322674c: ;   {static_stub}
  0x000001dc5322674c: 9048 bb00 | 0000 0000 

  0x000001dc53226754: ;   {runtime_call nmethod}
  0x000001dc53226754: 0000 00e9 | fbff ffff 

  0x000001dc5322675c: ;   {static_stub}
  0x000001dc5322675c: 9048 bb00 | 0000 0000 

  0x000001dc53226764: ;   {runtime_call nmethod}
  0x000001dc53226764: 0000 00e9 | fbff ffff 

  0x000001dc5322676c: ;   {static_stub}
  0x000001dc5322676c: 9048 bb00 | 0000 0000 

  0x000001dc53226774: ;   {runtime_call nmethod}
  0x000001dc53226774: 0000 00e9 | fbff ffff 

  0x000001dc5322677c: ;   {static_stub}
  0x000001dc5322677c: 9048 bb00 | 0000 0000 

  0x000001dc53226784: ;   {runtime_call nmethod}
  0x000001dc53226784: 0000 00e9 | fbff ffff 

  0x000001dc5322678c: ;   {static_stub}
  0x000001dc5322678c: 9048 bb00 | 0000 0000 

  0x000001dc53226794: ;   {runtime_call nmethod}
  0x000001dc53226794: 0000 00e9 | fbff ffff 

  0x000001dc5322679c: ;   {static_stub}
  0x000001dc5322679c: 9048 bb00 | 0000 0000 

  0x000001dc532267a4: ;   {runtime_call nmethod}
  0x000001dc532267a4: 0000 00e9 | fbff ffff 

  0x000001dc532267ac: ;   {static_stub}
  0x000001dc532267ac: 9048 bb00 | 0000 0000 

  0x000001dc532267b4: ;   {runtime_call nmethod}
  0x000001dc532267b4: 0000 00e9 | fbff ffff 

  0x000001dc532267bc: ;   {static_stub}
  0x000001dc532267bc: 9048 bb00 | 0000 0000 

  0x000001dc532267c4: ;   {runtime_call nmethod}
  0x000001dc532267c4: 0000 00e9 | fbff ffff 

  0x000001dc532267cc: ;   {static_stub}
  0x000001dc532267cc: 9048 bb00 | 0000 0000 

  0x000001dc532267d4: ;   {runtime_call nmethod}
  0x000001dc532267d4: 0000 00e9 | fbff ffff 

  0x000001dc532267dc: ;   {static_stub}
  0x000001dc532267dc: 9048 bb00 | 0000 0000 

  0x000001dc532267e4: ;   {runtime_call nmethod}
  0x000001dc532267e4: 0000 00e9 | fbff ffff 

  0x000001dc532267ec: ;   {static_stub}
  0x000001dc532267ec: 9048 bb00 | 0000 0000 

  0x000001dc532267f4: ;   {runtime_call nmethod}
  0x000001dc532267f4: 0000 00e9 | fbff ffff 

  0x000001dc532267fc: ;   {static_stub}
  0x000001dc532267fc: 9048 bb00 | 0000 0000 

  0x000001dc53226804: ;   {runtime_call nmethod}
  0x000001dc53226804: 0000 00e9 | fbff ffff 

  0x000001dc5322680c: ;   {static_stub}
  0x000001dc5322680c: 9048 bb00 | 0000 0000 

  0x000001dc53226814: ;   {runtime_call nmethod}
  0x000001dc53226814: 0000 00e9 | fbff ffff 

  0x000001dc5322681c: ;   {static_stub}
  0x000001dc5322681c: 9048 bb00 | 0000 0000 

  0x000001dc53226824: ;   {runtime_call nmethod}
  0x000001dc53226824: 0000 00e9 | fbff ffff 

  0x000001dc5322682c: ;   {static_stub}
  0x000001dc5322682c: 9048 bb00 | 0000 0000 

  0x000001dc53226834: ;   {runtime_call nmethod}
  0x000001dc53226834: 0000 00e9 | fbff ffff 

  0x000001dc5322683c: ;   {static_stub}
  0x000001dc5322683c: 9048 bb00 | 0000 0000 

  0x000001dc53226844: ;   {runtime_call nmethod}
  0x000001dc53226844: 0000 00e9 | fbff ffff 

  0x000001dc5322684c: ;   {static_stub}
  0x000001dc5322684c: 9048 bb00 | 0000 0000 

  0x000001dc53226854: ;   {runtime_call nmethod}
  0x000001dc53226854: 0000 00e9 | fbff ffff 

  0x000001dc5322685c: ;   {static_stub}
  0x000001dc5322685c: 9048 bb00 | 0000 0000 

  0x000001dc53226864: ;   {runtime_call nmethod}
  0x000001dc53226864: 0000 00e9 | fbff ffff 

  0x000001dc5322686c: ;   {static_stub}
  0x000001dc5322686c: 9048 bb00 | 0000 0000 

  0x000001dc53226874: ;   {runtime_call nmethod}
  0x000001dc53226874: 0000 00e9 | fbff ffff 

  0x000001dc5322687c: ;   {static_stub}
  0x000001dc5322687c: 9048 bb00 | 0000 0000 

  0x000001dc53226884: ;   {runtime_call nmethod}
  0x000001dc53226884: 0000 00e9 | fbff ffff 

  0x000001dc5322688c: ;   {static_stub}
  0x000001dc5322688c: 9048 bb00 | 0000 0000 

  0x000001dc53226894: ;   {runtime_call nmethod}
  0x000001dc53226894: 0000 00e9 | fbff ffff 

  0x000001dc5322689c: ;   {static_stub}
  0x000001dc5322689c: 9048 bb00 | 0000 0000 

  0x000001dc532268a4: ;   {runtime_call nmethod}
  0x000001dc532268a4: 0000 00e9 | fbff ffff 

  0x000001dc532268ac: ;   {static_stub}
  0x000001dc532268ac: 9048 bb00 | 0000 0000 

  0x000001dc532268b4: ;   {runtime_call nmethod}
  0x000001dc532268b4: 0000 00e9 | fbff ffff 

  0x000001dc532268bc: ;   {static_stub}
  0x000001dc532268bc: 9048 bb00 | 0000 0000 

  0x000001dc532268c4: ;   {runtime_call nmethod}
  0x000001dc532268c4: 0000 00e9 | fbff ffff 

  0x000001dc532268cc: ;   {static_stub}
  0x000001dc532268cc: 9048 bb00 | 0000 0000 

  0x000001dc532268d4: ;   {runtime_call nmethod}
  0x000001dc532268d4: 0000 00e9 | fbff ffff 

  0x000001dc532268dc: ;   {static_stub}
  0x000001dc532268dc: 9048 bb00 | 0000 0000 

  0x000001dc532268e4: ;   {runtime_call nmethod}
  0x000001dc532268e4: 0000 00e9 | fbff ffff 

  0x000001dc532268ec: ;   {static_stub}
  0x000001dc532268ec: 9048 bb00 | 0000 0000 

  0x000001dc532268f4: ;   {runtime_call nmethod}
  0x000001dc532268f4: 0000 00e9 | fbff ffff 

  0x000001dc532268fc: ;   {static_stub}
  0x000001dc532268fc: 9048 bb00 | 0000 0000 

  0x000001dc53226904: ;   {runtime_call nmethod}
  0x000001dc53226904: 0000 00e9 | fbff ffff 

  0x000001dc5322690c: ;   {static_stub}
  0x000001dc5322690c: 9048 bb00 | 0000 0000 

  0x000001dc53226914: ;   {runtime_call nmethod}
  0x000001dc53226914: 0000 00e9 | fbff ffff 

  0x000001dc5322691c: ;   {static_stub}
  0x000001dc5322691c: 9048 bb00 | 0000 0000 

  0x000001dc53226924: ;   {runtime_call nmethod}
  0x000001dc53226924: 0000 00e9 | fbff ffff 

  0x000001dc5322692c: ;   {static_stub}
  0x000001dc5322692c: 9048 bb00 | 0000 0000 

  0x000001dc53226934: ;   {runtime_call nmethod}
  0x000001dc53226934: 0000 00e9 | fbff ffff 

  0x000001dc5322693c: ;   {static_stub}
  0x000001dc5322693c: 9048 bb00 | 0000 0000 

  0x000001dc53226944: ;   {runtime_call nmethod}
  0x000001dc53226944: 0000 00e9 | fbff ffff 

  0x000001dc5322694c: ;   {static_stub}
  0x000001dc5322694c: 9048 bb00 | 0000 0000 

  0x000001dc53226954: ;   {runtime_call nmethod}
  0x000001dc53226954: 0000 00e9 | fbff ffff 

  0x000001dc5322695c: ;   {static_stub}
  0x000001dc5322695c: 48bb 0000 | 0000 0000 

  0x000001dc53226964: ;   {runtime_call nmethod}
  0x000001dc53226964: 0000 e9fb 

  0x000001dc53226968: ;   {static_stub}
  0x000001dc53226968: ffff ff48 | bb00 0000 | 0000 0000 

  0x000001dc53226974: ;   {runtime_call nmethod}
  0x000001dc53226974: 00e9 fbff 

  0x000001dc53226978: ;   {static_stub}
  0x000001dc53226978: ffff 48bb | 0000 0000 | 0000 0000 

  0x000001dc53226984: ;   {runtime_call nmethod}
  0x000001dc53226984: e9fb ffff 

  0x000001dc53226988: ;   {static_stub}
  0x000001dc53226988: ff48 bb00 | 0000 0000 

  0x000001dc53226990: ;   {runtime_call nmethod}
  0x000001dc53226990: 0000 00e9 | fbff ffff 

  0x000001dc53226998: ;   {static_stub}
  0x000001dc53226998: 48bb 509d | 1700 dc01 

  0x000001dc532269a0: ;   {runtime_call I2C/C2I adapters}
  0x000001dc532269a0: 0000 e90b 

  0x000001dc532269a4: ;   {static_stub}
  0x000001dc532269a4: d7a3 ff48 | bb00 0000 | 0000 0000 

  0x000001dc532269b0: ;   {runtime_call nmethod}
  0x000001dc532269b0: 00e9 fbff 

  0x000001dc532269b4: ;   {static_stub}
  0x000001dc532269b4: ffff 48bb | 0000 0000 | 0000 0000 

  0x000001dc532269c0: ;   {runtime_call nmethod}
  0x000001dc532269c0: e9fb ffff 

  0x000001dc532269c4: ;   {static_stub}
  0x000001dc532269c4: ff48 bb00 | 0000 0000 

  0x000001dc532269cc: ;   {runtime_call nmethod}
  0x000001dc532269cc: 0000 00e9 | fbff ffff 

  0x000001dc532269d4: ;   {static_stub}
  0x000001dc532269d4: 48bb 60ae | 8941 dc01 

  0x000001dc532269dc: ;   {runtime_call I2C/C2I adapters}
  0x000001dc532269dc: 0000 e9db 

  0x000001dc532269e0: ;   {static_stub}
  0x000001dc532269e0: 04a3 ff48 | bb00 0000 | 0000 0000 

  0x000001dc532269ec: ;   {runtime_call nmethod}
  0x000001dc532269ec: 00e9 fbff 

  0x000001dc532269f0: ;   {static_stub}
  0x000001dc532269f0: ffff 48bb | 0000 0000 | 0000 0000 

  0x000001dc532269fc: ;   {runtime_call nmethod}
  0x000001dc532269fc: e9fb ffff 

  0x000001dc53226a00: ;   {static_stub}
  0x000001dc53226a00: ff48 bb00 | 0000 0000 

  0x000001dc53226a08: ;   {runtime_call nmethod}
  0x000001dc53226a08: 0000 00e9 | fbff ffff 
[Exception Handler]
  0x000001dc53226a10: ;   {runtime_call C1 Runtime handle_exception_from_callee_blob}
  0x000001dc53226a10: e84b 34ae 

  0x000001dc53226a14: ;   {external_word}
  0x000001dc53226a14: ff48 b908 | ec04 bbfd | 7f00 0048 

  0x000001dc53226a20: ;   {runtime_call}
  0x000001dc53226a20: 83e4 f048 | b830 a8cb | bafd 7f00 | 00ff d0f4 
[Deopt Handler Code]
  0x000001dc53226a30: ;   {section_word}
  0x000001dc53226a30: 49ba 306a | 2253 dc01 | 0000 4152 

  0x000001dc53226a3c: ;   {runtime_call DeoptimizationBlob}
  0x000001dc53226a3c: e93f e8a3 | fff4 f4f4 | f4f4 f4f4 
[/MachCode]


---------------  P R O C E S S  ---------------

Threads class SMR info:
_java_thread_list=0x000001dc45a54b10, length=14, elements={
0x000001dc4808d140, 0x000001dc5b0be780, 0x000001dc5b0beec0, 0x000001dc5b0c0800,
0x000001dc5b0c3340, 0x000001dc5b0c4e80, 0x000001dc5b0c59b0, 0x000001dc5b0c64e0,
0x000001dc4509f250, 0x000001dc450a4960, 0x000001dc450ef830, 0x000001dc450f23d0,
0x000001dc450fd780, 0x000001dc45a46a30
}

Java Threads: ( => current thread )
=>0x000001dc4808d140 JavaThread "main"                              [_thread_in_vm, id=16484, stack(0x0000002c78c00000,0x0000002c78d00000) (1024K)]
  0x000001dc5b0be780 JavaThread "Reference Handler"          daemon [_thread_blocked, id=22656, stack(0x0000002c79400000,0x0000002c79500000) (1024K)]
  0x000001dc5b0beec0 JavaThread "Finalizer"                  daemon [_thread_blocked, id=16004, stack(0x0000002c79500000,0x0000002c79600000) (1024K)]
  0x000001dc5b0c0800 JavaThread "Signal Dispatcher"          daemon [_thread_blocked, id=22532, stack(0x0000002c79600000,0x0000002c79700000) (1024K)]
  0x000001dc5b0c3340 JavaThread "Attach Listener"            daemon [_thread_blocked, id=24060, stack(0x0000002c79700000,0x0000002c79800000) (1024K)]
  0x000001dc5b0c4e80 JavaThread "Service Thread"             daemon [_thread_blocked, id=21468, stack(0x0000002c79800000,0x0000002c79900000) (1024K)]
  0x000001dc5b0c59b0 JavaThread "Monitor Deflation Thread"   daemon [_thread_blocked, id=19644, stack(0x0000002c79900000,0x0000002c79a00000) (1024K)]
  0x000001dc5b0c64e0 JavaThread "C1 CompilerThread0"         daemon [_thread_blocked, id=2800, stack(0x0000002c79a00000,0x0000002c79b00000) (1024K)]
  0x000001dc4509f250 JavaThread "Notification Thread"        daemon [_thread_blocked, id=11812, stack(0x0000002c79b00000,0x0000002c79c00000) (1024K)]
  0x000001dc450a4960 JavaThread "Common-Cleaner"             daemon [_thread_blocked, id=24080, stack(0x0000002c79c00000,0x0000002c79d00000) (1024K)]
  0x000001dc450ef830 JavaThread "C1 CompilerThread1"         daemon [_thread_blocked, id=20592, stack(0x0000002c79d00000,0x0000002c79e00000) (1024K)]
  0x000001dc450f23d0 JavaThread "C1 CompilerThread2"         daemon [_thread_blocked, id=21960, stack(0x0000002c79e00000,0x0000002c79f00000) (1024K)]
  0x000001dc450fd780 JavaThread "C1 CompilerThread3"         daemon [_thread_blocked, id=12076, stack(0x0000002c79f00000,0x0000002c7a000000) (1024K)]
  0x000001dc45a46a30 JavaThread "mysql-cj-abandoned-connection-cleanup" daemon [_thread_blocked, id=5056, stack(0x0000002c7ab00000,0x0000002c7ac00000) (1024K)]
Total: 14

Other Threads:
  0x000001dc5b0adc50 VMThread "VM Thread"                           [id=22712, stack(0x0000002c79300000,0x0000002c79400000) (1024K)]
  0x000001dc5b09eb80 WatcherThread "VM Periodic Task Thread"        [id=19248, stack(0x0000002c79200000,0x0000002c79300000) (1024K)]
  0x000001dc4a3d3460 WorkerThread "GC Thread#0"                     [id=20824, stack(0x0000002c78d00000,0x0000002c78e00000) (1024K)]
  0x000001dc45fe3110 WorkerThread "GC Thread#1"                     [id=21220, stack(0x0000002c7a100000,0x0000002c7a200000) (1024K)]
  0x000001dc45faf150 WorkerThread "GC Thread#2"                     [id=14680, stack(0x0000002c7a200000,0x0000002c7a300000) (1024K)]
  0x000001dc45fdc750 WorkerThread "GC Thread#3"                     [id=10004, stack(0x0000002c7a300000,0x0000002c7a400000) (1024K)]
  0x000001dc46025f40 WorkerThread "GC Thread#4"                     [id=9252, stack(0x0000002c7a400000,0x0000002c7a500000) (1024K)]
  0x000001dc46025430 WorkerThread "GC Thread#5"                     [id=14812, stack(0x0000002c7a000000,0x0000002c7a100000) (1024K)]
  0x000001dc465195f0 WorkerThread "GC Thread#6"                     [id=21700, stack(0x0000002c7a500000,0x0000002c7a600000) (1024K)]
  0x000001dc46518ae0 WorkerThread "GC Thread#7"                     [id=18480, stack(0x0000002c7a600000,0x0000002c7a700000) (1024K)]
  0x000001dc4651a860 WorkerThread "GC Thread#8"                     [id=13552, stack(0x0000002c7a700000,0x0000002c7a800000) (1024K)]
  0x000001dc4651a100 WorkerThread "GC Thread#9"                     [id=21924, stack(0x0000002c7a800000,0x0000002c7a900000) (1024K)]
  0x000001dc4a400ca0 ConcurrentGCThread "G1 Main Marker"            [id=12524, stack(0x0000002c78e00000,0x0000002c78f00000) (1024K)]
  0x000001dc4a4017b0 WorkerThread "G1 Conc#0"                       [id=16444, stack(0x0000002c78f00000,0x0000002c79000000) (1024K)]
  0x000001dc465174c0 WorkerThread "G1 Conc#1"                       [id=17496, stack(0x0000002c7a900000,0x0000002c7aa00000) (1024K)]
  0x000001dc46518380 WorkerThread "G1 Conc#2"                       [id=14128, stack(0x0000002c7aa00000,0x0000002c7ab00000) (1024K)]
  0x000001dc5af655c0 ConcurrentGCThread "G1 Refine#0"               [id=21488, stack(0x0000002c79000000,0x0000002c79100000) (1024K)]
  0x000001dc5af66040 ConcurrentGCThread "G1 Service"                [id=23228, stack(0x0000002c79100000,0x0000002c79200000) (1024K)]
Total: 18

Threads with active compile tasks:
Total: 0

VM state: not at safepoint (normal execution)

VM Mutex/Monitor currently owned by a thread:  ([mutex/lock_event])
[0x00007ffdbb3024b0] Metaspace_lock - owner thread: 0x000001dc4808d140

Heap address: 0x0000000084a00000, size: 1974 MB, Compressed Oops mode: 32-bit

CDS archive(s) mapped at: [0x000001dc00000000-0x000001dc00d40000-0x000001dc00d40000), size 13893632, SharedBaseAddress: 0x000001dc00000000, ArchiveRelocationMode: 1.
Compressed class space mapped at: 0x000001dc01000000-0x000001dc41000000, reserved size: 1073741824
UseCompressedClassPointers 1, UseCompactObjectHeaders 0
Narrow klass pointer bits 32, Max shift 3
Narrow klass base: 0x000001dc00000000, Narrow klass shift: 0
Encoding Range: [0x000001dc00000000 - 0x000001dd00000000), (4294967296 bytes)
Klass Range:    [0x000001dc00000000 - 0x000001dc41000000), (1090519040 bytes)
Klass ID Range:  [8 - 1090519033) (1090519025)

GC Precious Log:
 CardTable entry size: 512
 Card Set container configuration: InlinePtr #cards 5 size 8 Array Of Cards #cards 10 size 36 Howl #buckets 4 coarsen threshold 1843 Howl Bitmap #cards 512 size 80 coarsen threshold 460 Card regions per heap region 1 cards per card region 2048
 CPUs: 12 total, 12 available
 Memory: 7893M
 Large Page Support: Disabled
 NUMA Support: Disabled
 Compressed Oops: Enabled (32-bit)
 Heap Region Size: 1M
 Heap Min Capacity: 8M
 Heap Initial Capacity: 124M
 Heap Max Capacity: 1974M
 Pre-touch: Disabled
 Parallel Workers: 10
 Concurrent Workers: 3
 Concurrent Refinement Workers: 10
 Periodic GC: Disabled

Heap:
 garbage-first heap   total reserved 2021376K, committed 62464K, used 29750K [0x0000000084a00000, 0x0000000100000000)
  region size 1024K, 13 young (13312K), 4 survivors (4096K)
 Metaspace       used 38059K, committed 38528K, reserved 1114112K
  class space    used 4237K, committed 4480K, reserved 1048576K

Heap Regions: E=young(eden), S=young(survivor), O=old, HS=humongous(starts), HC=humongous(continues), CS=collection set, F=free, TAMS=top-at-mark-start, PB=parsable bottom
|   0|0x0000000084a00000, 0x0000000084b00000, 0x0000000084b00000|100%|HS|  |TAMS 0x0000000084a00000| PB 0x0000000084a00000| Complete |  0
|   1|0x0000000084b00000, 0x0000000084c00000, 0x0000000084c00000|100%| O|  |TAMS 0x0000000084b00000| PB 0x0000000084b00000| Untracked |  0
|   2|0x0000000084c00000, 0x0000000084d00000, 0x0000000084d00000|100%| O|  |TAMS 0x0000000084c00000| PB 0x0000000084c00000| Untracked |  0
|   3|0x0000000084d00000, 0x0000000084e00000, 0x0000000084e00000|100%| O|  |TAMS 0x0000000084d00000| PB 0x0000000084d00000| Untracked |  0
|   4|0x0000000084e00000, 0x0000000084f00000, 0x0000000084f00000|100%| O|  |TAMS 0x0000000084e00000| PB 0x0000000084e00000| Untracked |  0
|   5|0x0000000084f00000, 0x0000000085000000, 0x0000000085000000|100%| O|  |TAMS 0x0000000084f00000| PB 0x0000000084f00000| Untracked |  0
|   6|0x0000000085000000, 0x0000000085100000, 0x0000000085100000|100%| O|  |TAMS 0x0000000085000000| PB 0x0000000085000000| Untracked |  0
|   7|0x0000000085100000, 0x0000000085200000, 0x0000000085200000|100%| O|  |TAMS 0x0000000085100000| PB 0x0000000085100000| Untracked |  0
|   8|0x0000000085200000, 0x0000000085300000, 0x0000000085300000|100%| O|  |TAMS 0x0000000085200000| PB 0x0000000085200000| Untracked |  0
|   9|0x0000000085300000, 0x0000000085400000, 0x0000000085400000|100%| O|  |TAMS 0x0000000085300000| PB 0x0000000085300000| Untracked |  0
|  10|0x0000000085400000, 0x0000000085500000, 0x0000000085500000|100%| O|  |TAMS 0x0000000085400000| PB 0x0000000085400000| Untracked |  0
|  11|0x0000000085500000, 0x0000000085600000, 0x0000000085600000|100%| O|  |TAMS 0x0000000085500000| PB 0x0000000085500000| Untracked |  0
|  12|0x0000000085600000, 0x0000000085700000, 0x0000000085700000|100%| O|  |TAMS 0x0000000085600000| PB 0x0000000085600000| Untracked |  0
|  13|0x0000000085700000, 0x0000000085800000, 0x0000000085800000|100%| O|Cm|TAMS 0x0000000085700000| PB 0x0000000085700000| Complete |  0
|  14|0x0000000085800000, 0x0000000085900000, 0x0000000085900000|100%| O|  |TAMS 0x0000000085800000| PB 0x0000000085800000| Untracked |  0
|  15|0x0000000085900000, 0x0000000085a00000, 0x0000000085a00000|100%| O|  |TAMS 0x0000000085900000| PB 0x0000000085900000| Untracked |  0
|  16|0x0000000085a00000, 0x0000000085b00000, 0x0000000085b00000|100%| O|  |TAMS 0x0000000085a00000| PB 0x0000000085a00000| Untracked |  0
|  17|0x0000000085b00000, 0x0000000085ba9530, 0x0000000085c00000| 66%| O|  |TAMS 0x0000000085b00000| PB 0x0000000085b00000| Untracked |  0
|  18|0x0000000085c00000, 0x0000000085c00000, 0x0000000085d00000|  0%| F|  |TAMS 0x0000000085c00000| PB 0x0000000085c00000| Untracked |  0
|  19|0x0000000085d00000, 0x0000000085d00000, 0x0000000085e00000|  0%| F|  |TAMS 0x0000000085d00000| PB 0x0000000085d00000| Untracked |  0
|  20|0x0000000085e00000, 0x0000000085e00000, 0x0000000085f00000|  0%| F|  |TAMS 0x0000000085e00000| PB 0x0000000085e00000| Untracked |  0
|  21|0x0000000085f00000, 0x0000000085f00000, 0x0000000086000000|  0%| F|  |TAMS 0x0000000085f00000| PB 0x0000000085f00000| Untracked |  0
|  22|0x0000000086000000, 0x0000000086000000, 0x0000000086100000|  0%| F|  |TAMS 0x0000000086000000| PB 0x0000000086000000| Untracked |  0
|  23|0x0000000086100000, 0x0000000086100000, 0x0000000086200000|  0%| F|  |TAMS 0x0000000086100000| PB 0x0000000086100000| Untracked |  0
|  24|0x0000000086200000, 0x0000000086200000, 0x0000000086300000|  0%| F|  |TAMS 0x0000000086200000| PB 0x0000000086200000| Untracked |  0
|  25|0x0000000086300000, 0x0000000086300000, 0x0000000086400000|  0%| F|  |TAMS 0x0000000086300000| PB 0x0000000086300000| Untracked |  0
|  26|0x0000000086400000, 0x0000000086400000, 0x0000000086500000|  0%| F|  |TAMS 0x0000000086400000| PB 0x0000000086400000| Untracked |  0
|  27|0x0000000086500000, 0x0000000086500000, 0x0000000086600000|  0%| F|  |TAMS 0x0000000086500000| PB 0x0000000086500000| Untracked |  0
|  28|0x0000000086600000, 0x0000000086600000, 0x0000000086700000|  0%| F|  |TAMS 0x0000000086600000| PB 0x0000000086600000| Untracked |  0
|  29|0x0000000086700000, 0x0000000086700000, 0x0000000086800000|  0%| F|  |TAMS 0x0000000086700000| PB 0x0000000086700000| Untracked |  0
|  30|0x0000000086800000, 0x0000000086800000, 0x0000000086900000|  0%| F|  |TAMS 0x0000000086800000| PB 0x0000000086800000| Untracked |  0
|  31|0x0000000086900000, 0x0000000086900000, 0x0000000086a00000|  0%| F|  |TAMS 0x0000000086900000| PB 0x0000000086900000| Untracked |  0
|  32|0x0000000086a00000, 0x0000000086a00000, 0x0000000086b00000|  0%| F|  |TAMS 0x0000000086a00000| PB 0x0000000086a00000| Untracked |  0
|  33|0x0000000086b00000, 0x0000000086b00000, 0x0000000086c00000|  0%| F|  |TAMS 0x0000000086b00000| PB 0x0000000086b00000| Untracked |  0
|  34|0x0000000086c00000, 0x0000000086c645b0, 0x0000000086d00000| 39%| S|CS|TAMS 0x0000000086c00000| PB 0x0000000086c00000| Complete |  0
|  35|0x0000000086d00000, 0x0000000086e00000, 0x0000000086e00000|100%| S|CS|TAMS 0x0000000086d00000| PB 0x0000000086d00000| Complete |  0
|  36|0x0000000086e00000, 0x0000000086f00000, 0x0000000086f00000|100%| S|CS|TAMS 0x0000000086e00000| PB 0x0000000086e00000| Complete |  0
|  37|0x0000000086f00000, 0x0000000087000000, 0x0000000087000000|100%| S|CS|TAMS 0x0000000086f00000| PB 0x0000000086f00000| Complete |  0
|  38|0x0000000087000000, 0x0000000087000000, 0x0000000087100000|  0%| F|  |TAMS 0x0000000087000000| PB 0x0000000087000000| Untracked |  0
|  39|0x0000000087100000, 0x0000000087100000, 0x0000000087200000|  0%| F|  |TAMS 0x0000000087100000| PB 0x0000000087100000| Untracked |  0
|  40|0x0000000087200000, 0x0000000087200000, 0x0000000087300000|  0%| F|  |TAMS 0x0000000087200000| PB 0x0000000087200000| Untracked |  0
|  41|0x0000000087300000, 0x0000000087300000, 0x0000000087400000|  0%| F|  |TAMS 0x0000000087300000| PB 0x0000000087300000| Untracked |  0
|  42|0x0000000087400000, 0x0000000087400000, 0x0000000087500000|  0%| F|  |TAMS 0x0000000087400000| PB 0x0000000087400000| Untracked |  0
|  43|0x0000000087500000, 0x0000000087500000, 0x0000000087600000|  0%| F|  |TAMS 0x0000000087500000| PB 0x0000000087500000| Untracked |  0
|  44|0x0000000087600000, 0x0000000087600000, 0x0000000087700000|  0%| F|  |TAMS 0x0000000087600000| PB 0x0000000087600000| Untracked |  0
|  45|0x0000000087700000, 0x0000000087700000, 0x0000000087800000|  0%| F|  |TAMS 0x0000000087700000| PB 0x0000000087700000| Untracked |  0
|  46|0x0000000087800000, 0x0000000087800000, 0x0000000087900000|  0%| F|  |TAMS 0x0000000087800000| PB 0x0000000087800000| Untracked |  0
|  47|0x0000000087900000, 0x0000000087900000, 0x0000000087a00000|  0%| F|  |TAMS 0x0000000087900000| PB 0x0000000087900000| Untracked |  0
|  48|0x0000000087a00000, 0x0000000087a00000, 0x0000000087b00000|  0%| F|  |TAMS 0x0000000087a00000| PB 0x0000000087a00000| Untracked |  0
|  49|0x0000000087b00000, 0x0000000087b00000, 0x0000000087c00000|  0%| F|  |TAMS 0x0000000087b00000| PB 0x0000000087b00000| Untracked |  0
|  50|0x0000000087c00000, 0x0000000087c00000, 0x0000000087d00000|  0%| F|  |TAMS 0x0000000087c00000| PB 0x0000000087c00000| Untracked |  0
|  51|0x0000000087d00000, 0x0000000087d76168, 0x0000000087e00000| 46%| E|  |TAMS 0x0000000087d00000| PB 0x0000000087d00000| Complete |  0
|  52|0x0000000087e00000, 0x0000000087f00000, 0x0000000087f00000|100%| E|CS|TAMS 0x0000000087e00000| PB 0x0000000087e00000| Complete |  0
|  53|0x0000000087f00000, 0x0000000088000000, 0x0000000088000000|100%| E|  |TAMS 0x0000000087f00000| PB 0x0000000087f00000| Complete |  0
|  54|0x0000000088000000, 0x0000000088100000, 0x0000000088100000|100%| E|CS|TAMS 0x0000000088000000| PB 0x0000000088000000| Complete |  0
|  55|0x0000000088100000, 0x0000000088200000, 0x0000000088200000|100%| E|CS|TAMS 0x0000000088100000| PB 0x0000000088100000| Complete |  0
|  56|0x0000000088200000, 0x0000000088300000, 0x0000000088300000|100%| E|CS|TAMS 0x0000000088200000| PB 0x0000000088200000| Complete |  0
| 119|0x000000008c100000, 0x000000008c200000, 0x000000008c200000|100%| E|CS|TAMS 0x000000008c100000| PB 0x000000008c100000| Complete |  0
| 123|0x000000008c500000, 0x000000008c600000, 0x000000008c600000|100%| E|CS|TAMS 0x000000008c500000| PB 0x000000008c500000| Complete |  0
|1972|0x00000000ffe00000, 0x00000000fff00000, 0x00000000fff00000|100%| O|  |TAMS 0x00000000ffe00000| PB 0x00000000ffe00000| Untracked |  0
|1973|0x00000000fff00000, 0x0000000100000000, 0x0000000100000000|100%| E|CS|TAMS 0x00000000fff00000| PB 0x00000000fff00000| Complete |  0

Card table byte_map: [0x000001dc56320000,0x000001dc56700000] _byte_map_base: 0x000001dc55efb000

Marking Bits: (CMBitMap*) 0x000001dc4a3d3b70
 Bits: [0x000001dc56700000, 0x000001dc585d8000)

Polling page: 0x000001dc48300000

Metaspace:

Usage:
  Non-class:     33.03 MB used.
      Class:      4.14 MB used.
       Both:     37.17 MB used.

Virtual space:
  Non-class space:       64.00 MB reserved,      33.25 MB ( 52%) committed,  1 nodes.
      Class space:        1.00 GB reserved,       4.38 MB ( <1%) committed,  1 nodes.
             Both:        1.06 GB reserved,      37.62 MB (  3%) committed. 

Chunk freelists:
   Non-Class:  14.39 MB
       Class:  11.61 MB
        Both:  26.00 MB

MaxMetaspaceSize: unlimited
CompressedClassSpaceSize: 1.00 GB
Initial GC threshold: 21.00 MB
Current GC threshold: 58.69 MB
CDS: on
 - commit_granule_bytes: 65536.
 - commit_granule_words: 8192.
 - virtual_space_node_default_size: 8388608.
 - enlarge_chunks_in_place: 1.
UseCompressedClassPointers 1, UseCompactObjectHeaders 0
Narrow klass pointer bits 32, Max shift 3
Narrow klass base: 0x000001dc00000000, Narrow klass shift: 0
Encoding Range: [0x000001dc00000000 - 0x000001dd00000000), (4294967296 bytes)
Klass Range:    [0x000001dc00000000 - 0x000001dc41000000), (1090519040 bytes)
Klass ID Range:  [8 - 1090519033) (1090519025)


Internal statistics:

num_allocs_failed_limit: 6.
num_arena_births: 524.
num_arena_deaths: 0.
num_vsnodes_births: 2.
num_vsnodes_deaths: 0.
num_space_committed: 602.
num_space_uncommitted: 0.
num_chunks_returned_to_freelist: 6.
num_chunks_taken_from_freelist: 1857.
num_chunk_merges: 6.
num_chunk_splits: 1352.
num_chunks_enlarged: 1085.
num_inconsistent_stats: 0.

CodeCache: size=49152Kb used=8167Kb max_used=8171Kb free=40984Kb
 bounds [0x000001dc52c10000, 0x000001dc53410000, 0x000001dc55c10000]
 total_blobs=4899, nmethods=4332, adapters=490, full_count=0
Compilation: enabled, stopped_count=0, restarted_count=0

Compilation events (20 events):
Event: 7.603 Thread 0x000001dc450f23d0 4365       1       java.util.ResourceBundle::getObject (82 bytes)
Event: 7.603 Thread 0x000001dc450fd780 4366       1       java.util.ResourceBundle::getString (9 bytes)
Event: 7.603 Thread 0x000001dc5b0c64e0 4367       1       java.text.Format::<init> (5 bytes)
Event: 7.603 Thread 0x000001dc5b0c64e0 nmethod 4367 0x000001dc53063308 code [0x000001dc53063400, 0x000001dc530634c0]
Event: 7.603 Thread 0x000001dc450fd780 nmethod 4366 0x000001dc53063008 code [0x000001dc53063120, 0x000001dc53063238]
Event: 7.603 Thread 0x000001dc450fd780 4368       1       com.mysql.cj.conf.AbstractPropertyDefinition::getPropertyKey (5 bytes)
Event: 7.603 Thread 0x000001dc450fd780 nmethod 4368 0x000001dc53062d08 code [0x000001dc53062e00, 0x000001dc53062ec8]
Event: 7.604 Thread 0x000001dc450f23d0 nmethod 4365 0x000001dc531c1788 code [0x000001dc531c1940, 0x000001dc531c1e20]
Event: 7.606 Thread 0x000001dc450ef830 4369       1       com.mysql.cj.conf.AbstractPropertyDefinition::getDefaultValue (5 bytes)
Event: 7.606 Thread 0x000001dc450f23d0 4370       1       com.mysql.cj.conf.AbstractRuntimeProperty::getPropertyDefinition (5 bytes)
Event: 7.606 Thread 0x000001dc450ef830 nmethod 4369 0x000001dc531c1488 code [0x000001dc531c1580, 0x000001dc531c1648]
Event: 7.606 Thread 0x000001dc450f23d0 nmethod 4370 0x000001dc531c0f08 code [0x000001dc531c1000, 0x000001dc531c10c8]
Event: 7.607 Thread 0x000001dc450fd780 4371       1       java.util.HashMap$ValueIterator::next (8 bytes)
Event: 7.607 Thread 0x000001dc450fd780 nmethod 4371 0x000001dc531aa588 code [0x000001dc531aa6a0, 0x000001dc531aa788]
Event: 7.607 Thread 0x000001dc450fd780 4372       1       com.mysql.cj.conf.AbstractPropertyDefinition::getName (5 bytes)
Event: 7.607 Thread 0x000001dc450f23d0 4373       1       com.mysql.cj.conf.AbstractPropertyDefinition::getCcAlias (5 bytes)
Event: 7.607 Thread 0x000001dc450f23d0 nmethod 4373 0x000001dc531aa288 code [0x000001dc531aa380, 0x000001dc531aa448]
Event: 7.607 Thread 0x000001dc450fd780 nmethod 4372 0x000001dc531a9f88 code [0x000001dc531aa080, 0x000001dc531aa148]
Event: 7.629 Thread 0x000001dc450fd780 4374   !   1       com.mysql.cj.conf.DefaultPropertySet::getProperty (52 bytes)
Event: 7.630 Thread 0x000001dc450fd780 nmethod 4374 0x000001dc52efa288 code [0x000001dc52efa3e0, 0x000001dc52efa678]

GC Heap History (12 events):
Event: 2.008 GC heap before
{Heap before GC invocations=0 (full 0):
 garbage-first heap   total reserved 2021376K, committed 129024K, used 50292K [0x0000000084a00000, 0x0000000100000000)
  region size 1024K, 47 young (48128K), 0 survivors (0K)
 Metaspace       used 10658K, committed 10880K, reserved 1114112K
  class space    used 1309K, committed 1408K, reserved 1048576K
}
Event: 2.016 GC heap after
{Heap after GC invocations=1 (full 0):
 garbage-first heap   total reserved 2021376K, committed 129024K, used 9823K [0x0000000084a00000, 0x0000000100000000)
  region size 1024K, 6 young (6144K), 6 survivors (6144K)
 Metaspace       used 10658K, committed 10880K, reserved 1114112K
  class space    used 1309K, committed 1408K, reserved 1048576K
}
Event: 3.267 GC heap before
{Heap before GC invocations=1 (full 0):
 garbage-first heap   total reserved 2021376K, committed 129024K, used 61023K [0x0000000084a00000, 0x0000000100000000)
  region size 1024K, 56 young (57344K), 6 survivors (6144K)
 Metaspace       used 20814K, committed 21056K, reserved 1114112K
  class space    used 2261K, committed 2368K, reserved 1048576K
}
Event: 3.281 GC heap after
{Heap after GC invocations=2 (full 0):
 garbage-first heap   total reserved 2021376K, committed 129024K, used 15563K [0x0000000084a00000, 0x0000000100000000)
  region size 1024K, 6 young (6144K), 6 survivors (6144K)
 Metaspace       used 20814K, committed 21056K, reserved 1114112K
  class space    used 2261K, committed 2368K, reserved 1048576K
}
Event: 3.442 GC heap before
{Heap before GC invocations=2 (full 0):
 garbage-first heap   total reserved 2021376K, committed 129024K, used 18635K [0x0000000084a00000, 0x0000000100000000)
  region size 1024K, 10 young (10240K), 6 survivors (6144K)
 Metaspace       used 21331K, committed 21504K, reserved 1114112K
  class space    used 2332K, committed 2432K, reserved 1048576K
}
Event: 3.449 GC heap after
{Heap after GC invocations=3 (full 0):
 garbage-first heap   total reserved 2021376K, committed 129024K, used 16410K [0x0000000084a00000, 0x0000000100000000)
  region size 1024K, 1 young (1024K), 1 survivors (1024K)
 Metaspace       used 21331K, committed 21504K, reserved 1114112K
  class space    used 2332K, committed 2432K, reserved 1048576K
}
Event: 5.344 GC heap before
{Heap before GC invocations=4 (full 0):
 garbage-first heap   total reserved 2021376K, committed 58368K, used 57370K [0x0000000084a00000, 0x0000000100000000)
  region size 1024K, 41 young (41984K), 1 survivors (1024K)
 Metaspace       used 27166K, committed 27520K, reserved 1114112K
  class space    used 3041K, committed 3200K, reserved 1048576K
}
Event: 5.355 GC heap after
{Heap after GC invocations=5 (full 0):
 garbage-first heap   total reserved 2021376K, committed 62464K, used 19107K [0x0000000084a00000, 0x0000000100000000)
  region size 1024K, 4 young (4096K), 4 survivors (4096K)
 Metaspace       used 27166K, committed 27520K, reserved 1114112K
  class space    used 3041K, committed 3200K, reserved 1048576K
}
Event: 6.169 GC heap before
{Heap before GC invocations=5 (full 0):
 garbage-first heap   total reserved 2021376K, committed 62464K, used 45731K [0x0000000084a00000, 0x0000000100000000)
  region size 1024K, 30 young (30720K), 4 survivors (4096K)
 Metaspace       used 30395K, committed 30784K, reserved 1114112K
  class space    used 3436K, committed 3584K, reserved 1048576K
}
Event: 6.182 GC heap after
{Heap after GC invocations=6 (full 0):
 garbage-first heap   total reserved 2021376K, committed 62464K, used 21157K [0x0000000084a00000, 0x0000000100000000)
  region size 1024K, 2 young (2048K), 2 survivors (2048K)
 Metaspace       used 30395K, committed 30784K, reserved 1114112K
  class space    used 3436K, committed 3584K, reserved 1048576K
}
Event: 7.263 GC heap before
{Heap before GC invocations=6 (full 0):
 garbage-first heap   total reserved 2021376K, committed 62464K, used 41637K [0x0000000084a00000, 0x0000000100000000)
  region size 1024K, 24 young (24576K), 2 survivors (2048K)
 Metaspace       used 35458K, committed 35968K, reserved 1114112K
  class space    used 3982K, committed 4224K, reserved 1048576K
}
Event: 7.270 GC heap after
{Heap after GC invocations=7 (full 0):
 garbage-first heap   total reserved 2021376K, committed 62464K, used 22582K [0x0000000084a00000, 0x0000000100000000)
  region size 1024K, 4 young (4096K), 4 survivors (4096K)
 Metaspace       used 35458K, committed 35968K, reserved 1114112K
  class space    used 3982K, committed 4224K, reserved 1048576K
}

Dll operation events (9 events):
Event: 0.014 Loaded shared library C:\Program Files\Java\jdk-24\bin\java.dll
Event: 0.255 Loaded shared library C:\Program Files\Java\jdk-24\bin\net.dll
Event: 0.259 Loaded shared library C:\Program Files\Java\jdk-24\bin\nio.dll
Event: 0.266 Loaded shared library C:\Program Files\Java\jdk-24\bin\zip.dll
Event: 0.452 Loaded shared library C:\Program Files\Java\jdk-24\bin\jimage.dll
Event: 2.753 Loaded shared library C:\Program Files\Java\jdk-24\bin\sunmscapi.dll
Event: 5.906 Loaded shared library C:\Program Files\Java\jdk-24\bin\management.dll
Event: 5.919 Loaded shared library C:\Program Files\Java\jdk-24\bin\management_ext.dll
Event: 7.002 Loaded shared library C:\Program Files\Java\jdk-24\bin\verify.dll

Deoptimization events (2 events):
Event: 4.319 Thread 0x000001dc4808d140 DEOPT PACKING pc=0x000001dc5303a32c sp=0x0000002c78cfc8a0
Event: 4.319 Thread 0x000001dc4808d140 DEOPT UNPACKING pc=0x000001dc52c65722 sp=0x0000002c78cfbd98 mode 0

Classes loaded (20 events):
Event: 7.662 Loading class sun/nio/ch/SocketDispatcher done
Event: 7.662 Loading class java/net/SocksSocketImpl
Event: 7.663 Loading class java/net/SocksConsts
Event: 7.663 Loading class java/net/SocksConsts done
Event: 7.663 Loading class java/net/DelegatingSocketImpl
Event: 7.664 Loading class java/net/DelegatingSocketImpl done
Event: 7.664 Loading class java/net/SocksSocketImpl done
Event: 7.664 Loading class sun/nio/ch/Net
Event: 7.665 Loading class sun/nio/ch/Net done
Event: 7.665 Loading class sun/nio/ch/Net$1
Event: 7.665 Loading class sun/nio/ch/Net$1 done
Event: 7.665 Loading class sun/net/ext/ExtendedSocketOptions
Event: 7.667 Loading class sun/net/ext/ExtendedSocketOptions done
Event: 7.667 Loading class jdk/net/ExtendedSocketOptions
Event: 7.668 Loading class jdk/net/ExtendedSocketOptions done
Event: 7.669 Loading class jdk/net/ExtendedSocketOptions$ExtSocketOption
Event: 7.669 Loading class jdk/net/ExtendedSocketOptions$ExtSocketOption done
Event: 7.669 Loading class jdk/net/UnixDomainPrincipal
Event: 7.669 Loading class jdk/net/UnixDomainPrincipal done
Event: 7.669 Loading class jdk/net/ExtendedSocketOptions$PlatformSocketOptions

Classes unloaded (0 events):
No events

Classes redefined (0 events):
No events

Internal exceptions (20 events):
Event: 5.575 Thread 0x000001dc4808d140 Exception <a 'java/lang/NoSuchMethodError'{0x00000000876ceaa0}: 'java.lang.Object java.lang.invoke.DirectMethodHandle$Holder.invokeStaticInit(java.lang.Object, int, int, int, int)'> (0x00000000876ceaa0) 
thrown [s\open\src\hotspot\share\interpreter\linkResolver.cpp, line 805]
Event: 5.609 Thread 0x000001dc4808d140 Exception <a 'java/lang/NoSuchMethodError'{0x000000008753c998}: 'java.lang.Object java.lang.invoke.DirectMethodHandle$Holder.invokeStaticInit(java.lang.Object, java.lang.Object, int, int, int, int)'> (0x000000008753c998) 
thrown [s\open\src\hotspot\share\interpreter\linkResolver.cpp, line 805]
Event: 5.792 Thread 0x000001dc4808d140 Exception <a 'java/lang/NoSuchMethodError'{0x00000000872b12c8}: 'int java.lang.invoke.DirectMethodHandle$Holder.invokeVirtual(java.lang.Object, java.lang.Object, java.lang.Object, java.lang.Object)'> (0x00000000872b12c8) 
thrown [s\open\src\hotspot\share\interpreter\linkResolver.cpp, line 805]
Event: 5.793 Thread 0x000001dc4808d140 Exception <a 'java/lang/NoSuchMethodError'{0x00000000872b9868}: 'int java.lang.invoke.DelegatingMethodHandle$Holder.reinvoke_L(java.lang.Object, java.lang.Object, java.lang.Object, java.lang.Object)'> (0x00000000872b9868) 
thrown [s\open\src\hotspot\share\interpreter\linkResolver.cpp, line 805]
Event: 5.833 Thread 0x000001dc4808d140 Exception <a 'java/io/IOException'{0x0000000087186e70}> (0x0000000087186e70) 
thrown [s\open\src\hotspot\share\prims\jni.cpp, line 518]
Event: 5.834 Thread 0x000001dc4808d140 Exception <a 'java/io/IOException'{0x0000000087187590}> (0x0000000087187590) 
thrown [s\open\src\hotspot\share\prims\jni.cpp, line 518]
Event: 5.834 Thread 0x000001dc4808d140 Exception <a 'java/io/IOException'{0x0000000087187ca0}> (0x0000000087187ca0) 
thrown [s\open\src\hotspot\share\prims\jni.cpp, line 518]
Event: 5.889 Thread 0x000001dc4808d140 Exception <a 'java/io/IOException'{0x0000000087029350}> (0x0000000087029350) 
thrown [s\open\src\hotspot\share\prims\jni.cpp, line 518]
Event: 5.890 Thread 0x000001dc4808d140 Exception <a 'java/io/IOException'{0x000000008702ce28}> (0x000000008702ce28) 
thrown [s\open\src\hotspot\share\prims\jni.cpp, line 518]
Event: 5.944 Thread 0x000001dc4808d140 Exception <a 'java/io/FileNotFoundException'{0x00000000870a3ff0}> (0x00000000870a3ff0) 
thrown [s\open\src\hotspot\share\prims\jni.cpp, line 518]
Event: 6.004 Thread 0x000001dc4808d140 Exception <a 'java/lang/NoSuchMethodError'{0x0000000086e40d28}: 'int java.lang.invoke.DirectMethodHandle$Holder.invokeInterface(java.lang.Object, java.lang.Object, java.lang.Object, java.lang.Object)'> (0x0000000086e40d28) 
thrown [s\open\src\hotspot\share\interpreter\linkResolver.cpp, line 805]
Event: 6.037 Thread 0x000001dc4808d140 Exception <a 'java/lang/NoSuchMethodError'{0x0000000086d9d830}: 'void java.lang.invoke.Invokers$Holder.invokeExact_MT(java.lang.Object, java.lang.Object, java.lang.Object, java.lang.Object)'> (0x0000000086d9d830) 
thrown [s\open\src\hotspot\share\interpreter\linkResolver.cpp, line 805]
Event: 6.152 Thread 0x000001dc4808d140 Exception <a 'java/lang/NoSuchMethodError'{0x0000000086813370}: 'void java.lang.invoke.DirectMethodHandle$Holder.invokeVirtual(java.lang.Object, java.lang.Object, long)'> (0x0000000086813370) 
thrown [s\open\src\hotspot\share\interpreter\linkResolver.cpp, line 805]
Event: 6.154 Thread 0x000001dc4808d140 Exception <a 'java/lang/NoSuchMethodError'{0x000000008682bf50}: 'long java.lang.invoke.DelegatingMethodHandle$Holder.reinvoke_L(java.lang.Object, java.lang.Object, int)'> (0x000000008682bf50) 
thrown [s\open\src\hotspot\share\interpreter\linkResolver.cpp, line 805]
Event: 6.156 Thread 0x000001dc4808d140 Exception <a 'java/lang/NoSuchMethodError'{0x0000000086844898}: 'void java.lang.invoke.DelegatingMethodHandle$Holder.reinvoke_L(java.lang.Object, java.lang.Object, long)'> (0x0000000086844898) 
thrown [s\open\src\hotspot\share\interpreter\linkResolver.cpp, line 805]
Event: 6.214 Thread 0x000001dc4808d140 Exception <a 'java/lang/NoSuchMethodError'{0x000000008c577148}: 'java.lang.Object java.lang.invoke.DirectMethodHandle$Holder.newInvokeSpecial(java.lang.Object, java.lang.Object, java.lang.Object, java.lang.Object, java.lang.Object, java.lang.Object, java.lang.Object, java.lang.Object, java.lang.Object, java.lang.Object, java.lang.Object)'> (0x000000008c577148) 
thrown [s\open\src\hotspot\share\interpreter\linkResolver.cpp, line 805]
Event: 6.216 Thread 0x000001dc4808d140 Exception <a 'java/lang/NoSuchMethodError'{0x000000008c5bc860}: 'java.lang.Object java.lang.invoke.DirectMethodHandle$Holder.invokeStatic(java.lang.Object, java.lang.Object, java.lang.Object, java.lang.Object, java.lang.Object, java.lang.Object, java.lang.Object, java.lang.Object, java.lang.Object)'> (0x000000008c5bc860) 
thrown [s\open\src\hotspot\share\interpreter\linkResolver.cpp, line 805]
Event: 6.387 Thread 0x000001dc4808d140 Exception <a 'java/lang/NoSuchMethodError'{0x0000000088085558}: 'void java.lang.invoke.DelegatingMethodHandle$Holder.reinvoke_L(java.lang.Object, java.lang.Object, java.lang.Object, java.lang.Object, int, java.lang.Object, java.lang.Object, java.lang.Object)'> (0x0000000088085558) 
thrown [s\open\src\hotspot\share\interpreter\linkResolver.cpp, line 805]
Event: 6.618 Thread 0x000001dc4808d140 Exception <a 'java/io/IOException'{0x0000000087dba680}> (0x0000000087dba680) 
thrown [s\open\src\hotspot\share\prims\jni.cpp, line 518]
Event: 7.466 Thread 0x000001dc4808d140 Exception <a 'java/lang/NoSuchMethodError'{0x0000000088296fc0}: 'int java.lang.invoke.DirectMethodHandle$Holder.invokeStatic(java.lang.Object)'> (0x0000000088296fc0) 
thrown [s\open\src\hotspot\share\interpreter\linkResolver.cpp, line 805]

VM Operations (20 events):
Event: 5.779 Executing VM operation: HandshakeAllThreads (Deoptimize)
Event: 5.779 Executing VM operation: HandshakeAllThreads (Deoptimize) done
Event: 5.782 Executing VM operation: HandshakeAllThreads (Deoptimize)
Event: 5.782 Executing VM operation: HandshakeAllThreads (Deoptimize) done
Event: 5.861 Executing VM operation: HandshakeAllThreads (Deoptimize)
Event: 5.861 Executing VM operation: HandshakeAllThreads (Deoptimize) done
Event: 5.933 Executing VM operation: HandshakeAllThreads (Deoptimize)
Event: 5.933 Executing VM operation: HandshakeAllThreads (Deoptimize) done
Event: 6.169 Executing VM operation: G1CollectForAllocation (G1 Evacuation Pause)
Event: 6.182 Executing VM operation: G1CollectForAllocation (G1 Evacuation Pause) done
Event: 6.567 Executing VM operation: HandshakeAllThreads (Deoptimize)
Event: 6.567 Executing VM operation: HandshakeAllThreads (Deoptimize) done
Event: 6.570 Executing VM operation: HandshakeAllThreads (Deoptimize)
Event: 6.571 Executing VM operation: HandshakeAllThreads (Deoptimize) done
Event: 7.263 Executing VM operation: CollectForMetadataAllocation (Metadata GC Threshold)
Event: 7.270 Executing VM operation: CollectForMetadataAllocation (Metadata GC Threshold) done
Event: 7.283 Executing VM operation: G1PauseRemark
Event: 7.289 Executing VM operation: G1PauseRemark done
Event: 7.292 Executing VM operation: G1PauseCleanup
Event: 7.292 Executing VM operation: G1PauseCleanup done

Memory protections (0 events):
No events

Nmethod flushes (20 events):
Event: 7.287 Thread 0x000001dc5b0adc50 flushing  nmethod 0x000001dc52ef9488
Event: 7.287 Thread 0x000001dc5b0adc50 flushing  nmethod 0x000001dc52ef9788
Event: 7.287 Thread 0x000001dc5b0adc50 flushing  nmethod 0x000001dc52ef9b88
Event: 7.287 Thread 0x000001dc5b0adc50 flushing  nmethod 0x000001dc52ef9f08
Event: 7.287 Thread 0x000001dc5b0adc50 flushing  nmethod 0x000001dc52efa308
Event: 7.287 Thread 0x000001dc5b0adc50 flushing  nmethod 0x000001dc52efb088
Event: 7.287 Thread 0x000001dc5b0adc50 flushing  nmethod 0x000001dc52f22188
Event: 7.287 Thread 0x000001dc5b0adc50 flushing  nmethod 0x000001dc52f25088
Event: 7.287 Thread 0x000001dc5b0adc50 flushing  nmethod 0x000001dc52f25688
Event: 7.287 Thread 0x000001dc5b0adc50 flushing  nmethod 0x000001dc52fa9088
Event: 7.287 Thread 0x000001dc5b0adc50 flushing  nmethod 0x000001dc52fe6008
Event: 7.287 Thread 0x000001dc5b0adc50 flushing  nmethod 0x000001dc5302c108
Event: 7.287 Thread 0x000001dc5b0adc50 flushing  nmethod 0x000001dc5305f908
Event: 7.287 Thread 0x000001dc5b0adc50 flushing  nmethod 0x000001dc53069d88
Event: 7.287 Thread 0x000001dc5b0adc50 flushing  nmethod 0x000001dc5307ed88
Event: 7.287 Thread 0x000001dc5b0adc50 flushing  nmethod 0x000001dc530d8508
Event: 7.287 Thread 0x000001dc5b0adc50 flushing  nmethod 0x000001dc530d8888
Event: 7.287 Thread 0x000001dc5b0adc50 flushing osr nmethod 0x000001dc531a9808
Event: 7.287 Thread 0x000001dc5b0adc50 flushing  nmethod 0x000001dc531aa108
Event: 7.287 Thread 0x000001dc5b0adc50 flushing  nmethod 0x000001dc531bd388

Events (18 events):
Event: 0.054 Thread 0x000001dc4808d140 Thread added: 0x000001dc4808d140
Event: 0.077 Thread 0x000001dc4808d140 Thread added: 0x000001dc5b0be780
Event: 0.077 Thread 0x000001dc4808d140 Thread added: 0x000001dc5b0beec0
Event: 0.077 Thread 0x000001dc4808d140 Thread added: 0x000001dc5b0c0800
Event: 0.078 Thread 0x000001dc4808d140 Thread added: 0x000001dc5b0c3340
Event: 0.078 Thread 0x000001dc4808d140 Thread added: 0x000001dc5b0c4e80
Event: 0.078 Thread 0x000001dc4808d140 Thread added: 0x000001dc5b0c59b0
Event: 0.078 Thread 0x000001dc4808d140 Thread added: 0x000001dc5b0c64e0
Event: 0.242 Thread 0x000001dc4808d140 Thread added: 0x000001dc4509f250
Event: 0.249 Thread 0x000001dc4808d140 Thread added: 0x000001dc450a4960
Event: 0.261 Thread 0x000001dc5b0c64e0 Thread added: 0x000001dc450ef830
Event: 0.261 Thread 0x000001dc5b0c64e0 Thread added: 0x000001dc450f23d0
Event: 0.261 Thread 0x000001dc450ef830 Thread added: 0x000001dc450fd780
Event: 1.608 Thread 0x000001dc4808d140 Thread added: 0x000001dc45e607a0
Event: 2.427 Thread 0x000001dc4808d140 Thread added: 0x000001dc46275260
Event: 2.484 Thread 0x000001dc46275260 Thread exited: 0x000001dc46275260
Event: 2.770 Thread 0x000001dc45e607a0 Thread exited: 0x000001dc45e607a0
Event: 6.140 Thread 0x000001dc4808d140 Thread added: 0x000001dc45a46a30


Dynamic libraries:
0x00007ff7917b0000 - 0x00007ff7917c0000 	C:\Program Files\Java\jdk-24\bin\java.exe
0x00007ffe95560000 - 0x00007ffe957c7000 	C:\WINDOWS\SYSTEM32\ntdll.dll
0x00007ffe93630000 - 0x00007ffe936f9000 	C:\WINDOWS\System32\KERNEL32.DLL
0x00007ffe92d10000 - 0x00007ffe93104000 	C:\WINDOWS\System32\KERNELBASE.dll
0x00007ffe92a50000 - 0x00007ffe92b9b000 	C:\WINDOWS\System32\ucrtbase.dll
0x00007ffdc47a0000 - 0x00007ffdc47bb000 	C:\Program Files\Java\jdk-24\bin\VCRUNTIME140.dll
0x00007ffdc2530000 - 0x00007ffdc2546000 	C:\Program Files\Java\jdk-24\bin\jli.dll
0x00007ffe942b0000 - 0x00007ffe94475000 	C:\WINDOWS\System32\USER32.dll
0x00007ffe70b70000 - 0x00007ffe70e03000 	C:\WINDOWS\WinSxS\amd64_microsoft.windows.common-controls_6595b64144ccf1df_6.0.26100.8115_none_3e075c82e3354f9c\COMCTL32.dll
0x00007ffe92040000 - 0x00007ffe92067000 	C:\WINDOWS\System32\win32u.dll
0x00007ffe947e0000 - 0x00007ffe94889000 	C:\WINDOWS\System32\msvcrt.dll
0x00007ffe948e0000 - 0x00007ffe9490b000 	C:\WINDOWS\System32\GDI32.dll
0x00007ffe931c0000 - 0x00007ffe932eb000 	C:\WINDOWS\System32\gdi32full.dll
0x00007ffe93110000 - 0x00007ffe931b3000 	C:\WINDOWS\System32\msvcp_win.dll
0x00007ffe93c70000 - 0x00007ffe93ca2000 	C:\WINDOWS\System32\IMM32.DLL
0x00007ffe85f70000 - 0x00007ffe85f7c000 	C:\Program Files\Java\jdk-24\bin\vcruntime140_1.dll
0x00007ffdbb950000 - 0x00007ffdbb9de000 	C:\Program Files\Java\jdk-24\bin\msvcp140.dll
0x00007ffdba640000 - 0x00007ffdbb3e2000 	C:\Program Files\Java\jdk-24\bin\server\jvm.dll
0x00007ffe94480000 - 0x00007ffe94536000 	C:\WINDOWS\System32\ADVAPI32.dll
0x00007ffe93ba0000 - 0x00007ffe93c47000 	C:\WINDOWS\System32\sechost.dll
0x00007ffe95370000 - 0x00007ffe95488000 	C:\WINDOWS\System32\RPCRT4.dll
0x00007ffe94910000 - 0x00007ffe94990000 	C:\WINDOWS\System32\WS2_32.dll
0x00007ffe84970000 - 0x00007ffe849a6000 	C:\WINDOWS\SYSTEM32\WINMM.dll
0x00007ffe87bc0000 - 0x00007ffe87bcb000 	C:\WINDOWS\SYSTEM32\VERSION.dll
0x00007ffe91610000 - 0x00007ffe9166e000 	C:\WINDOWS\SYSTEM32\POWRPROF.dll
0x00007ffe915f0000 - 0x00007ffe91604000 	C:\WINDOWS\SYSTEM32\UMPDC.dll
0x00007ffe90bc0000 - 0x00007ffe90bdb000 	C:\WINDOWS\SYSTEM32\kernel.appcore.dll
0x00007ffdd6780000 - 0x00007ffdd678a000 	C:\Program Files\Java\jdk-24\bin\jimage.dll
0x00007ffe8fd80000 - 0x00007ffe8ffc2000 	C:\WINDOWS\SYSTEM32\DBGHELP.DLL
0x00007ffe93ea0000 - 0x00007ffe94222000 	C:\WINDOWS\System32\combase.dll
0x00007ffe94700000 - 0x00007ffe947d8000 	C:\WINDOWS\System32\OLEAUT32.dll
0x00007ffe86f70000 - 0x00007ffe86fab000 	C:\WINDOWS\SYSTEM32\dbgcore.DLL
0x00007ffe92c60000 - 0x00007ffe92d05000 	C:\WINDOWS\System32\bcryptPrimitives.dll
0x00007ffdc2190000 - 0x00007ffdc21ae000 	C:\Program Files\Java\jdk-24\bin\java.dll
0x00007ffe94a10000 - 0x00007ffe94ba7000 	C:\WINDOWS\System32\ole32.dll
0x00007ffe94bb0000 - 0x00007ffe95317000 	C:\WINDOWS\System32\SHELL32.dll
0x00007ffe92070000 - 0x00007ffe921da000 	C:\WINDOWS\System32\wintypes.dll
0x00007ffe921e0000 - 0x00007ffe92a48000 	C:\WINDOWS\System32\windows.storage.dll
0x00007ffe93d20000 - 0x00007ffe93e18000 	C:\WINDOWS\System32\SHCORE.dll
0x00007ffe93cb0000 - 0x00007ffe93d16000 	C:\WINDOWS\System32\shlwapi.dll
0x00007ffe91d50000 - 0x00007ffe91d79000 	C:\WINDOWS\SYSTEM32\profapi.dll
0x00007ffdd6410000 - 0x00007ffdd6420000 	C:\Program Files\Java\jdk-24\bin\net.dll
0x00007ffe91130000 - 0x00007ffe9119c000 	C:\WINDOWS\system32\mswsock.dll
0x00007ffdbb850000 - 0x00007ffdbb866000 	C:\Program Files\Java\jdk-24\bin\nio.dll
0x00007ffdbb830000 - 0x00007ffdbb847000 	C:\Program Files\Java\jdk-24\bin\zip.dll
0x00007ffdcdca0000 - 0x00007ffdcdcae000 	C:\Program Files\Java\jdk-24\bin\sunmscapi.dll
0x00007ffe91ec0000 - 0x00007ffe92037000 	C:\WINDOWS\System32\CRYPT32.dll
0x00007ffe91750000 - 0x00007ffe91780000 	C:\WINDOWS\SYSTEM32\ncrypt.dll
0x00007ffe91700000 - 0x00007ffe9173f000 	C:\WINDOWS\SYSTEM32\NTASN1.dll
0x00007ffe91420000 - 0x00007ffe9143b000 	C:\WINDOWS\SYSTEM32\CRYPTSP.dll
0x00007ffe90b20000 - 0x00007ffe90b59000 	C:\WINDOWS\system32\rsaenh.dll
0x00007ffe911e0000 - 0x00007ffe91213000 	C:\WINDOWS\SYSTEM32\USERENV.dll
0x00007ffe91d20000 - 0x00007ffe91d4a000 	C:\WINDOWS\SYSTEM32\bcrypt.dll
0x00007ffe91410000 - 0x00007ffe9141c000 	C:\WINDOWS\SYSTEM32\CRYPTBASE.dll
0x00007ffe90610000 - 0x00007ffe90642000 	C:\WINDOWS\SYSTEM32\IPHLPAPI.DLL
0x00007ffe93700000 - 0x00007ffe9370a000 	C:\WINDOWS\System32\NSI.dll
0x00007ffdcd6a0000 - 0x00007ffdcd6aa000 	C:\Program Files\Java\jdk-24\bin\management.dll
0x00007ffdc4790000 - 0x00007ffdc479b000 	C:\Program Files\Java\jdk-24\bin\management_ext.dll
0x00007ffe94890000 - 0x00007ffe94898000 	C:\WINDOWS\System32\PSAPI.DLL
0x00007ffdcde30000 - 0x00007ffdcde40000 	C:\Program Files\Java\jdk-24\bin\verify.dll
0x00007ffe906b0000 - 0x00007ffe907e2000 	C:\WINDOWS\SYSTEM32\DNSAPI.dll
0x00007ffe89290000 - 0x00007ffe8929b000 	C:\Windows\System32\rasadhlp.dll
0x00007ffe8a950000 - 0x00007ffe8a9d6000 	C:\WINDOWS\System32\fwpuclnt.dll

JVMTI agents: none

dbghelp: loaded successfully - version: 4.0.5 - missing functions: none
symbol engine: initialized successfully - sym options: 0x614 - pdb path: .;C:\Program Files\Java\jdk-24\bin;C:\WINDOWS\SYSTEM32;C:\WINDOWS\WinSxS\amd64_microsoft.windows.common-controls_6595b64144ccf1df_6.0.26100.8115_none_3e075c82e3354f9c;C:\Program Files\Java\jdk-24\bin\server

VM Arguments:
jvm_args: -XX:TieredStopAtLevel=1 
java_command: Main.ThcsdlApplication
java_class_path (initial): D:\Project_Database_20241-main\backend\target\classes;C:\Users\duy91\.m2\repository\org\aspectj\aspectjweaver\1.9.22\aspectjweaver-1.9.22.jar;C:\Users\duy91\.m2\repository\org\springframework\spring-jdbc\6.1.8\spring-jdbc-6.1.8.jar;C:\Users\duy91\.m2\repository\org\springframework\data\spring-data-jpa\3.3.0\spring-data-jpa-3.3.0.jar;C:\Users\duy91\.m2\repository\org\springframework\data\spring-data-commons\3.3.0\spring-data-commons-3.3.0.jar;C:\Users\duy91\.m2\repository\org\springframework\spring-orm\6.1.8\spring-orm-6.1.8.jar;C:\Users\duy91\.m2\repository\org\springframework\spring-tx\6.1.8\spring-tx-6.1.8.jar;C:\Users\duy91\.m2\repository\jakarta\annotation\jakarta.annotation-api\2.1.1\jakarta.annotation-api-2.1.1.jar;C:\Users\duy91\.m2\repository\org\springframework\spring-aspects\6.1.8\spring-aspects-6.1.8.jar;C:\Users\duy91\.m2\repository\org\projectlombok\lombok\1.18.32\lombok-1.18.32.jar;C:\Users\duy91\.m2\repository\com\zaxxer\HikariCP\5.0.1\HikariCP-5.0.1.jar;C:\Users\duy91\.m2\repository\org\slf4j\slf4j-api\2.0.13\slf4j-api-2.0.13.jar;C:\Users\duy91\.m2\repository\com\mysql\mysql-connector-j\8.3.0\mysql-connector-j-8.3.0.jar;C:\Users\duy91\.m2\repository\org\springframework\boot\spring-boot\3.3.0\spring-boot-3.3.0.jar;C:\Users\duy91\.m2\repository\org\springframework\boot\spring-boot-autoconfigure\3.3.0\spring-boot-autoconfigure-3.3.0.jar;C:\Users\duy91\.m2\repository\ch\qos\logback\logback-classic\1.5.6\logback-classic-1.5.6.jar;C:\Users\duy91\.m2\repository\ch\qos\logback\logback-core\1.5.6\logback-core-1.5.6.jar;C:\Users\duy91\.m2\repository\org\apache\logging\log4j\log4j-to-slf4j\2.23.1\log4j-to-slf4j-2.23.1.jar;C:\Users\duy91\.m2\repository\org\apache\logging\log4j\log4j-api\2.23.1\log4j-api-2.23.1.jar;C:\Users\duy91\.m2\repository\org\slf4j\jul-to-slf4j\2.0.13\jul-to-slf4j-2.0.13.jar;C:\Users\duy91\.m2\repository\org\yaml\snakeyaml\2.2\snakeyaml-2.2.jar;C:\Users\duy91\.m2\repository\org\thymeleaf\thymeleaf-spring6\3.1.2.RELEASE\thymeleaf-spring6-3.1.2.RELEASE.jar;C:\Users\duy91\.m2\repository\org\thymeleaf\thymeleaf\3.1.2.RELEASE\thymeleaf-3.1.2.RELEASE.jar;C:\Users\duy91\.m2\repository\org\attoparser\attoparser\2.0.7.RELEASE\attoparser-2.0.7.RELEASE.jar;C:\Users\duy91\.m2\repository\org\unbescape\unbescape\1.1.6.RELEASE\unbescape-1.1.6.RELEASE.jar;C:\Users\duy91\.m2\repository\com\fasterxml\jackson\datatype\jackson-datatype-jdk8\2.17.1\jackson-datatype-jdk8-2.17.1.jar;C:\Users\duy91\.m2\repository\com\fasterxml\jackson\datatype\jackson-datatype-jsr310\2.17.1\jackson-datatype-jsr310-2.17.1.jar;C:\Users\duy91\.m2\repository\com\fasterxml\jackson\module\jackson-module-parameter-names\2.17.1\jackson-module-parameter-names-2.17.1.jar;C:\Users\duy91\.m2\repository\org\apache\tomcat\embed\tomcat-embed-core\10.1.24\tomcat-embed-core-10.1.24.jar;C:\Users\duy91\.m2\repository\org\apache\tomcat\embed\tomcat-embed-websocket\10.1.24\tomcat-embed-websocket-10.1.24.jar;C:\Users\duy91\.m2\repository\org\springframework\spring-web\6.1.8\spring-web-6.1.8.jar;C:\Users\duy91\.m2\repository\io\micrometer\micrometer-observation\1.13.0\micrometer-observation-1.13.0.jar;C:\Users\duy91\.m2\repository\io\micrometer\micrometer-commons\1.13.0\micrometer-commons-1.13.0.jar;C:\Users\duy91\.m2\repository\org\springframework\spring-webmvc\6.1.8\spring-webmvc-6.1.8.jar;C:\Users\duy91\.m2\repository\org\apache\tomcat\embed\tomcat-embed-el\10.1.24\tomcat-embed-el-10.1.24.jar;C:\Users\duy91\.m2\repository\org\hibernate\validator\hibernate-validator\8.0.1.Final\hibernate-validator-8.0.1.Final.jar;C:\Users\duy91\.m2\repository\jakarta\validation\jakarta.validation-api\3.0.2\jakarta.validation-api-3.0.2.jar;C:\Users\duy91\.m2\repository\org\springframework\spring-aop\6.1.8\spring-aop-6.1.8.jar;C:\Users\duy91\.m2\repository\org\springframework\security\spring-security-config\6.3.0\spring-security-config-6.3.0.jar;C:\Users\duy91\.m2\repository\org\springframework\security\spring-security-core\6.3.0\spring-security-core-6.3.0.jar;C:\Users\duy91\.m2\repository\org\springframework\spring-beans\6.1.8\spring-beans-6.1.8.jar;C:\Users\duy91\.m2\repository\org\springframework\spring-context\6.1.8\spring-context-6.1.8.jar;C:\Users\duy91\.m2\repository\org\springframework\spring-core\6.1.8\spring-core-6.1.8.jar;C:\Users\duy91\.m2\repository\org\springframework\spring-jcl\6.1.8\spring-jcl-6.1.8.jar;C:\Users\duy91\.m2\repository\org\springframework\security\spring-security-web\6.3.0\spring-security-web-6.3.0.jar;C:\Users\duy91\.m2\repository\org\springframework\spring-expression\6.1.8\spring-expression-6.1.8.jar;C:\Users\duy91\.m2\repository\org\springframework\security\spring-security-crypto\6.3.0\spring-security-crypto-6.3.0.jar;C:\Users\duy91\.m2\repository\org\thymeleaf\extras\thymeleaf-extras-springsecurity6\3.1.2.RELEASE\thymeleaf-extras-springsecurity6-3.1.2.RELEASE.jar;C:\Users\duy91\.m2\repository\io\jsonwebtoken\jjwt-api\0.11.5\jjwt-api-0.11.5.jar;C:\Users\duy91\.m2\repository\io\jsonwebtoken\jjwt-impl\0.11.5\jjwt-impl-0.11.5.jar;C:\Users\duy91\.m2\repository\io\jsonwebtoken\jjwt-jackson\0.11.5\jjwt-jackson-0.11.5.jar;C:\Users\duy91\.m2\repository\com\fasterxml\jackson\core\jackson-databind\2.17.1\jackson-databind-2.17.1.jar;C:\Users\duy91\.m2\repository\com\fasterxml\jackson\core\jackson-annotations\2.17.1\jackson-annotations-2.17.1.jar;C:\Users\duy91\.m2\repository\com\fasterxml\jackson\core\jackson-core\2.17.1\jackson-core-2.17.1.jar;C:\Users\duy91\.m2\repository\jakarta\persistence\jakarta.persistence-api\3.1.0\jakarta.persistence-api-3.1.0.jar;C:\Users\duy91\.m2\repository\org\hibernate\orm\hibernate-core\6.4.4.Final\hibernate-core-6.4.4.Final.jar;C:\Users\duy91\.m2\repository\jakarta\transaction\jakarta.transaction-api\2.0.1\jakarta.transaction-api-2.0.1.jar;C:\Users\duy91\.m2\repository\org\jboss\logging\jboss-logging\3.5.3.Final\jboss-logging-3.5.3.Final.jar;C:\Users\duy91\.m2\repository\org\hibernate\common\hibernate-commons-annotations\6.0.6.Final\hibernate-commons-annotations-6.0.6.Final.jar;C:\Users\duy91\.m2\repository\io\smallrye\jandex\3.1.2\jandex-3.1.2.jar;C:\Users\duy91\.m2\repository\com\fasterxml\classmate\1.7.0\classmate-1.7.0.jar;C:\Users\duy91\.m2\repository\net\bytebuddy\byte-buddy\1.14.16\byte-buddy-1.14.16.jar;C:\Users\duy91\.m2\repository\jakarta\xml\bind\jakarta.xml.bind-api\4.0.2\jakarta.xml.bind-api-4.0.2.jar;C:\Users\duy91\.m2\repository\jakarta\activation\jakarta.activation-api\2.1.3\jakarta.activation-api-2.1.3.jar;C:\Users\duy91\.m2\repository\org\glassfish\jaxb\jaxb-runtime\4.0.5\jaxb-runtime-4.0.5.jar;C:\Users\duy91\.m2\repository\org\glassfish\jaxb\jaxb-core\4.0.5\jaxb-core-4.0.5.jar;C:\Users\duy91\.m2\repository\org\eclipse\angus\angus-activation\2.0.2\angus-activation-2.0.2.jar;C:\Users\duy91\.m2\repository\org\glassfish\jaxb\txw2\4.0.5\txw2-4.0.5.jar;C:\Users\duy91\.m2\repository\com\sun\istack\istack-commons-runtime\4.1.2\istack-commons-runtime-4.1.2.jar;C:\Users\duy91\.m2\repository\jakarta\inject\jakarta.inject-api\2.0.1\jakarta.inject-api-2.0.1.jar;C:\Users\duy91\.m2\repository\org\antlr\antlr4-runtime\4.13.0\antlr4-runtime-4.13.0.jar;C:\Users\duy91\.m2\repository\org\springdoc\springdoc-openapi-starter-webmvc-ui\2.3.0\springdoc-openapi-starter-webmvc-ui-2.3.0.jar;C:\Users\duy91\.m2\repository\org\springdoc\springdoc-openapi-starter-webmvc-api\2.3.0\springdoc-openapi-starter-webmvc-api-2.3.0.jar;C:\Users\duy91\.m2\repository\org\springdoc\springdoc-openapi-starter-common\2.3.0\springdoc-openapi-starter-common-2.3.0.jar;C:\Users\duy91\.m2\repository\io\swagger\core\v3\swagger-core-jakarta\2.2.19\swagger-core-jakarta-2.2.19.jar;C:\Users\duy91\.m2\repository\org\apache\commons\commons-lang3\3.14.0\commons-lang3-3.14.0.jar;C:\Users\duy91\.m2\repository\io\swagger\core\v3\swagger-annotations-jakarta\2.2.19\swagger-annotations-jakarta-2.2.19.jar;C:\Users\duy91\.m2\repository\io\swagger\core\v3\swagger-models-jakarta\2.2.19\swagger-models-jakarta-2.2.19.jar;C:\Users\duy91\.m2\repository\com\fasterxml\jackson\dataformat\jackson-dataformat-yaml\2.17.1\jackson-dataformat-yaml-2.17.1.jar;C:\Users\duy91\.m2\repository\org\webjars\swagger-ui\5.10.3\swagger-ui-5.10.3.jar
Launcher Type: SUN_STANDARD

[Global flags]
     intx CICompilerCount                          = 4                                         {product} {ergonomic}
     uint ConcGCThreads                            = 3                                         {product} {ergonomic}
     uint G1ConcRefinementThreads                  = 10                                        {product} {ergonomic}
   size_t G1HeapRegionSize                         = 1048576                                   {product} {ergonomic}
   size_t InitialHeapSize                          = 130023424                                 {product} {ergonomic}
   size_t MarkStackSize                            = 4194304                                   {product} {ergonomic}
   size_t MarkStackSizeMax                         = 536870912                                 {product} {ergonomic}
   size_t MaxHeapSize                              = 2069889024                                {product} {ergonomic}
   size_t MaxNewSize                               = 1241513984                                {product} {ergonomic}
   size_t MinHeapDeltaBytes                        = 1048576                                   {product} {ergonomic}
   size_t MinHeapSize                              = 8388608                                   {product} {ergonomic}
    uintx NonNMethodCodeHeapSize                   = 4096                                   {pd product} {ergonomic}
    uintx NonProfiledCodeHeapSize                  = 0                                      {pd product} {ergonomic}
     bool ProfileInterpreter                       = false                                  {pd product} {command line}
    uintx ProfiledCodeHeapSize                     = 0                                      {pd product} {ergonomic}
   size_t SoftMaxHeapSize                          = 2069889024                             {manageable} {ergonomic}
     intx TieredStopAtLevel                        = 1                                         {product} {command line}
     bool UseCompressedOops                        = true                           {product lp64_product} {ergonomic}
     bool UseG1GC                                  = true                                      {product} {ergonomic}
     bool UseLargePagesIndividualAllocation        = false                                  {pd product} {ergonomic}

Logging:
Log output configuration:
 #0: stdout all=warning uptime,level,tags foldmultilines=false
 #1: stderr all=off uptime,level,tags foldmultilines=false

Environment Variables:
JAVA_HOME=C:\Program Files\Java\jdk-24
PATH=C:\Program Files\Java\jdk-24\bin;c:\Users\duy91\AppData\Local\Programs\cursor\resources\app\resources\helpers;C:\Program Files\Common Files\Oracle\Java\javapath;C:\Windows\system32;C:\Windows;C:\Windows\System32\Wbem;C:\Windows\System32\WindowsPowerShell\v1.0\;C:\Windows\System32\OpenSSH\;C:\Program Files (x86)\NVIDIA Corporation\PhysX\Common;C:\Program Files\NVIDIA Corporation\NVIDIA NvDLISR;C:\WINDOWS\system32;C:\WINDOWS;C:\WINDOWS\System32\Wbem;C:\WINDOWS\System32\WindowsPowerShell\v1.0\;C:\WINDOWS\System32\OpenSSH\;C:\Program Files (x86)\Microsoft SQL Server\160\Tools\Binn\;C:\Program Files\Microsoft SQL Server\160\Tools\Binn\;C:\Program Files\Microsoft SQL Server\Client SDK\ODBC\170\Tools\Binn\;C:\Program Files\Microsoft SQL Server\160\DTS\Binn\;C:\Program Files\nodejs\;C:\Program Files\Amazon\AWSCLIV2\;C:\Program Files\PuTTY\;C:\Program Files\Cloudflare\Cloudflare WARP\;C:\Program Files\Git\cmd;C:\Program Files\dotnet\;C:\Users\duy91\AppData\Local\Programs\Python\Python313\Scripts\;C:\Users\duy91\AppData\Local\Programs\Python\Python313\;C:\Users\duy91\AppData\Local\Programs\Python\Launcher\;C:\Users\duy91\AppData\Local\Microsoft\WindowsApps;C:\Users\duy91\AppData\Local\Programs\Microsoft VS Code\bin;C:\ProgramData\duy91\GitHubDesktop\bin;C:\Maven\apache-maven-3.9.9\bin;C:\Program Files\JetBrains\IntelliJ IDEA 2025.1.2\bin;;C:\Users\duy91\AppData\Roaming\npm;C:\Users\duy91\AppData\Local\Python\bin;C:\Users\duy91\AppData\Local\qnFVhl\;C:\Users\duy91\AppData\Local\Programs\cursor\resources\app\bin;C:\Users\duy91\AppData\Local\GitHubDesktop\bin
USERNAME=duy91
TERM=dumb
OS=Windows_NT
PROCESSOR_IDENTIFIER=Intel64 Family 6 Model 154 Stepping 3, GenuineIntel
TMP=C:\Users\duy91\AppData\Local\Temp
TEMP=C:\Users\duy91\AppData\Local\Temp




Periodic native trim disabled

---------------  S Y S T E M  ---------------

OS:
 Windows 11 , 64 bit Build 26100 (10.0.26100.8246)
OS uptime: 0 days 4:26 hours

CPU: total 12 (initial active 12) (6 cores per cpu, 2 threads per core) family 6 model 154 stepping 3 microcode 0x424, cx8, cmov, fxsr, ht, mmx, 3dnowpref, sse, sse2, sse3, ssse3, sse4.1, sse4.2, popcnt, lzcnt, tsc, tscinvbit, avx, avx2, aes, erms, clmul, bmi1, bmi2, adx, sha, fma, vzeroupper, clflush, clflushopt, clwb, serialize, rdtscp, rdpid, fsrm, gfni, f16c, pku, cet_ibt, cet_ss
Processor Information for processor 0
  Max Mhz: 2000, Current Mhz: 2000, Mhz Limit: 2000
Processor Information for processor 1
  Max Mhz: 2000, Current Mhz: 2000, Mhz Limit: 2000
Processor Information for processor 2
  Max Mhz: 2000, Current Mhz: 2000, Mhz Limit: 2000
Processor Information for processor 3
  Max Mhz: 2000, Current Mhz: 2000, Mhz Limit: 2000
Processor Information for processor 4
  Max Mhz: 2000, Current Mhz: 2000, Mhz Limit: 2000
Processor Information for processor 5
  Max Mhz: 2000, Current Mhz: 2000, Mhz Limit: 2000
Processor Information for processor 6
  Max Mhz: 2000, Current Mhz: 2000, Mhz Limit: 2000
Processor Information for processor 7
  Max Mhz: 2000, Current Mhz: 2000, Mhz Limit: 2000
Processor Information for processor 8
  Max Mhz: 2000, Current Mhz: 1466, Mhz Limit: 2000
Processor Information for processor 9
  Max Mhz: 2000, Current Mhz: 1466, Mhz Limit: 2000
Processor Information for processor 10
  Max Mhz: 2000, Current Mhz: 2000, Mhz Limit: 2000
Processor Information for processor 11
  Max Mhz: 2000, Current Mhz: 1466, Mhz Limit: 2000

Memory: 4k page, system-wide physical 7893M (802M free)
TotalPageFile size 21029M (AvailPageFile size 4M)
current process WorkingSet (physical memory assigned to process): 165M, peak: 165M
current process commit charge ("private bytes"): 206M, peak: 250M

vm_info: Java HotSpot(TM) 64-Bit Server VM (24.0.1+9-30) for windows-amd64 JRE (24.0.1+9-30), built on 2025-03-05T07:23:45Z with MS VC++ 17.6 (VS2022)

END.
